repo,main_language,stars,forks,num_commits,first_commit_date,last_commit_date,project_life_days
apr-iconv,C,22,18,210.0,2000-11-20 19:00:04+00:00,2019-01-01 11:35:29+00:00,6615.0
tapestry3,Java,5,12,1985.0,2000-07-24 14:38:00+00:00,2024-12-08 15:49:38+00:00,8903.0
sling-old-svn-mirror,,216,255,4.0,2017-10-21 19:20:48+00:00,2018-06-29 19:44:28+00:00,251.0
xalan-j,Java,23,65,4561.0,1999-11-09 16:50:01+00:00,2019-05-24 04:01:20+00:00,7135.0
tapestry4,Java,7,12,3793.0,2000-07-24 14:38:00+00:00,2024-12-08 15:51:21+00:00,8903.0
etch,Java,17,8,549.0,2008-07-29 06:31:55+00:00,2015-05-18 06:36:35+00:00,2484.0
apr,C,516,215,9557.0,1999-08-17 15:59:33+00:00,2025-11-13 18:33:08+00:00,9585.0
stdcxx,C++,65,25,2185.0,2005-07-16 13:24:30+00:00,2012-09-15 15:24:30+00:00,2618.0
lucenenet,C#,2348,652,7028.0,2005-11-16 18:05:15+00:00,2025-11-20 15:49:14+00:00,7308.0
zookeeper,Java,12663,7329,2667.0,2008-05-19 17:51:27+00:00,2025-11-10 13:19:53+00:00,6383.0
spamassassin,Perl,316,83,30940.0,2001-04-20 18:47:31+00:00,2025-11-21 08:30:14+00:00,8980.0
apr-util,C,80,66,2760.0,1999-07-05 13:00:42+00:00,2025-10-06 13:15:32+00:00,9590.0
jspwiki,Java,110,103,9595.0,2007-10-06 05:00:16+00:00,2025-11-16 19:59:52+00:00,6616.0
directory-studio,Java,141,61,5828.0,2006-11-16 09:49:01+00:00,2025-08-11 07:40:30+00:00,6842.0
ofbiz,Java,801,557,24427.0,2006-07-01 19:05:20+00:00,2017-02-12 10:32:53+00:00,3878.0
maven-resources,Java,2,9,170.0,2006-11-19 20:23:18+00:00,2018-05-11 13:30:19+00:00,4190.0
maven-wagon,Java,48,107,1393.0,2004-03-30 14:42:58+00:00,2025-11-16 01:29:41+00:00,7900.0
harmony-drlvm,C++,14,9,2202.0,2006-06-05 13:05:05+00:00,2010-03-20 22:11:29+00:00,1384.0
struts-maven,,2,4,291.0,2006-05-02 23:44:30+00:00,2014-12-28 10:56:26+00:00,3161.0
httpd,C,3847,1203,34241.0,1996-07-03 06:18:15+00:00,2025-11-21 09:38:42+00:00,10733.0
camel,Java,6050,5087,77518.0,2007-03-19 10:54:57+00:00,2025-11-19 11:23:42+00:00,6820.0
felix,,285,315,15556.0,2005-07-19 10:41:53+00:00,2020-03-04 13:44:59+00:00,5342.0
chainsaw,Java,18,19,934.0,2000-12-14 02:19:26+00:00,2014-11-20 14:26:16+00:00,5089.0
maven-scm,Java,98,182,2334.0,2004-04-20 19:05:47+00:00,2025-11-06 17:15:39+00:00,7869.0
xmlgraphics-fop,Java,209,150,8636.0,1999-10-31 18:13:49+00:00,2025-11-14 11:52:58+00:00,9510.0
maven-plugins,Java,239,270,15063.0,2004-03-15 19:32:20+00:00,2018-04-02 14:06:46+00:00,5130.0
maven-release,Java,122,143,1236.0,2006-12-09 19:06:48+00:00,2025-11-09 09:49:48+00:00,6909.0
directory-samples,Java,4,6,26.0,2008-10-20 13:56:10+00:00,2010-10-25 23:09:39+00:00,735.0
synapse,Java,76,62,4359.0,2005-08-22 12:39:51+00:00,2025-10-08 17:01:39+00:00,7352.0
maven-enforcer,Java,156,169,978.0,2007-09-01 00:16:55+00:00,2025-11-17 16:22:55+00:00,6652.0
cayenne,Java,335,139,7444.0,2007-01-21 11:11:02+00:00,2025-11-11 12:23:21+00:00,6869.0
pluto,,4,7,1921.0,2003-09-30 14:01:12+00:00,2013-09-30 14:51:29+00:00,3653.0
maven-mercury,Java,2,6,769.0,2008-05-23 22:59:23+00:00,2010-05-04 20:04:55+00:00,710.0
commons-collections,Java,711,501,4981.0,2001-04-14 15:38:58+00:00,2025-11-21 14:39:34+00:00,8986.0
pig,Java,687,448,3767.0,2007-10-29 19:40:23+00:00,2025-09-15 11:23:41+00:00,6530.0
openjpa,Java,146,149,5393.0,2006-05-02 01:50:04+00:00,2022-11-18 22:42:52+00:00,6044.0
mina,Java,915,427,2411.0,2005-12-28 07:54:25+00:00,2023-10-05 07:24:02+00:00,6489.0
maven-doxia-tools,Java,4,14,331.0,2008-02-05 12:39:01+00:00,2018-06-18 21:49:18+00:00,3786.0
poi,Java,2154,803,13607.0,2002-01-31 02:22:28+00:00,2025-11-20 14:31:22+00:00,8694.0
nutch,Java,3090,1260,3542.0,2005-01-23 01:28:09+00:00,2025-11-10 15:07:44+00:00,7596.0
commons-codec,Java,470,253,3257.0,2003-04-25 17:51:00+00:00,2025-11-21 14:39:24+00:00,8245.0
harmony-jdktools,Java,4,5,273.0,2006-10-25 11:43:43+00:00,2010-03-21 23:32:40+00:00,1243.0
commons-lang,Java,2879,1800,9020.0,2002-07-19 03:35:56+00:00,2025-11-21 14:42:46+00:00,8526.0
maven-shared,Java,28,41,3387.0,2005-11-28 21:19:46+00:00,2017-12-22 11:27:19+00:00,4406.0
logging-log4j1,Java,867,578,3237.0,2000-11-16 19:56:51+00:00,2022-01-17 22:09:06+00:00,7732.0
jsecurity,Java,4,6,1024.0,2008-06-13 23:49:56+00:00,2009-05-20 16:55:32+00:00,340.0
activemq,Java,2409,1479,12134.0,2005-12-12 17:53:59+00:00,2025-11-20 17:30:46+00:00,7282.0
maven-skins,CSS,26,14,584.0,2005-12-23 06:14:42+00:00,2017-12-22 11:28:08+00:00,4382.0
maven-repository-tools,Perl,4,5,779.0,2004-05-09 17:47:24+00:00,2011-05-09 22:42:47+00:00,2556.0
xmlgraphics-commons,Java,20,24,662.0,2006-02-20 15:49:33+00:00,2025-11-14 11:42:05+00:00,7206.0
struts1,Java,33,88,5272.0,2000-05-31 22:28:08+00:00,2010-10-08 23:16:24+00:00,3782.0
harmony-classlib,Java,6,7,7475.0,2005-12-01 05:29:27+00:00,2010-02-12 19:43:01+00:00,1534.0
commons-io,Java,1047,702,5920.0,2002-01-25 19:06:14+00:00,2025-11-21 14:41:47+00:00,8700.0
httpcomponents-core,Java,364,355,4062.0,2005-02-08 21:51:02+00:00,2025-11-08 18:03:28+00:00,7577.0
maven-doxia-sitetools,Java,9,34,1105.0,2007-03-19 00:52:44+00:00,2025-11-18 04:59:35+00:00,6819.0
httpcomponents-client,Java,1516,981,3894.0,2005-12-21 18:47:13+00:00,2025-11-15 12:17:59+00:00,7268.0
struts-sandbox,Java,5,5,1878.0,2001-07-05 12:05:41+00:00,2022-04-23 08:38:11+00:00,7596.0
jackrabbit,Java,355,230,9414.0,2004-09-13 17:48:13+00:00,2025-11-21 14:04:37+00:00,7738.0
sanselan,Java,36,16,315.0,2007-10-06 05:00:16+00:00,2012-04-16 15:33:13+00:00,1654.0
wicket,Java,774,393,22084.0,2004-09-21 15:10:53+00:00,2025-11-16 15:57:25+00:00,7726.0
continuum,Java,7,10,4870.0,2005-04-11 03:04:49+00:00,2016-06-10 11:14:55+00:00,4078.0
couchdb,Erlang,6732,1055,14205.0,2008-03-28 22:56:30+00:00,2025-11-18 17:32:31+00:00,6443.0
maven-ant-tasks,Java,6,20,518.0,2005-04-18 04:12:34+00:00,2015-04-05 22:20:26+00:00,3639.0
maven-plugin-testing,,19,40,305.0,2008-03-11 21:30:44+00:00,2025-10-28 17:00:21+00:00,6439.0
maven-site,Java,114,290,5459.0,2005-04-06 16:43:41+00:00,2025-11-21 00:04:05+00:00,7533.0
maven-sandbox,Java,4,6,2314.0,2007-02-21 14:27:38+00:00,2017-12-30 17:06:37+00:00,3965.0
cassandra,Java,9484,3800,31461.0,2009-03-02 07:57:22+00:00,2025-11-20 15:52:34+00:00,6107.0
tika,Java,3431,890,9848.0,2007-03-31 07:22:55+00:00,2025-11-20 13:39:18+00:00,6809.0
maven-pom-retired,Shell,16,12,937.0,2006-08-23 02:11:10+00:00,2017-11-04 09:46:11+00:00,4091.0
struts-site,HTML,65,584,1592.0,2005-08-12 15:46:11+00:00,2025-11-21 10:08:37+00:00,7405.0
cocoon,Java,28,25,13218.0,2003-02-27 01:27:33+00:00,2023-10-29 11:28:19+00:00,7549.0
chemistry,Java,7,5,492.0,2009-04-30 07:38:04+00:00,2010-07-29 15:53:12+00:00,455.0
maven-jxr,Java,16,32,440.0,2005-09-30 03:10:30+00:00,2025-11-10 13:14:01+00:00,7346.0
directory-server,Java,170,99,10277.0,2004-01-31 03:36:01+00:00,2025-05-23 16:01:34+00:00,7783.0
hive,Java,5894,4782,17944.0,2008-09-02 23:58:59+00:00,2025-11-21 07:27:44+00:00,6288.0
xmlgraphics-batik,Java,236,152,3597.0,2000-10-01 07:37:01+00:00,2025-11-21 16:37:21+00:00,9182.0
ode,Java,45,60,3823.0,2006-02-17 21:10:46+00:00,2020-01-14 05:08:26+00:00,5078.0
roller,Java,126,141,4786.0,2005-06-07 02:56:59+00:00,2025-06-29 21:39:58+00:00,7327.0
avro,Java,3179,1712,4836.0,2009-04-09 18:13:31+00:00,2025-11-18 10:58:10+00:00,6066.0
maven-doxia,Java,30,51,2018.0,2005-11-01 01:22:33+00:00,2025-11-10 12:47:48+00:00,7314.0
buildr,Ruby,141,88,4385.0,2007-11-01 21:52:16+00:00,2020-10-10 02:58:15+00:00,4726.0
maven-artifact,Java,8,7,610.0,2004-08-09 18:37:31+00:00,2009-02-21 09:40:28+00:00,1656.0
qpid,Java,133,86,14182.0,2006-09-14 01:51:16+00:00,2018-12-14 11:59:24+00:00,4474.0
abdera,Java,19,26,1500.0,2006-06-16 20:05:13+00:00,2017-04-06 12:20:19+00:00,3946.0
maven,Java,4847,2791,15881.0,2003-09-01 16:05:50+00:00,2025-11-21 05:32:24+00:00,8116.0
maven-archetype,Java,144,174,1431.0,2005-11-03 03:53:51+00:00,2025-11-18 04:59:09+00:00,7320.0
shindig,Java,66,66,4786.0,2007-12-11 23:06:13+00:00,2015-12-07 13:59:13+00:00,2917.0
maven-plugin-tools,Java,62,68,1386.0,2007-10-29 01:09:10+00:00,2025-11-17 16:24:25+00:00,6594.0
commons-logging,Java,161,132,1922.0,2001-08-02 16:27:06+00:00,2025-11-21 14:42:55+00:00,8876.0
commons-cli,Java,380,213,2090.0,2002-06-10 18:01:16+00:00,2025-11-21 14:39:14+00:00,8564.0
servicemix-archetypes,Java,6,6,186.0,2006-11-03 13:47:25+00:00,2013-01-17 00:27:07+00:00,2266.0
servicemix-pom,,1,3,46.0,2008-06-06 18:00:48+00:00,2011-05-18 09:26:31+00:00,1075.0
servicemix4-nmr,Java,4,4,678.0,2007-12-13 11:58:49+00:00,2013-12-10 18:56:27+00:00,2189.0
servicemix4-legal,,2,3,4.0,2008-04-14 16:24:53+00:00,2008-04-16 06:23:12+00:00,1.0
servicemix4-bundles,Java,17,18,7583.0,2008-06-23 21:12:19+00:00,2015-02-10 02:17:29+00:00,2422.0
servicemix4-features,Java,15,6,1085.0,2008-01-02 12:39:41+00:00,2014-03-11 08:37:54+00:00,2259.0
servicemix4-kernel,Java,3,4,526.0,2007-11-26 18:06:16+00:00,2009-04-23 17:37:01+00:00,513.0
servicemix3,Java,3,4,2968.0,2005-12-12 17:56:35+00:00,2012-08-19 12:40:02+00:00,2441.0
servicemix-utils,Java,13,11,134.0,2008-08-25 09:12:41+00:00,2013-01-15 20:00:17+00:00,1604.0
servicemix-maven-plugins,Java,6,15,57.0,2011-06-24 08:54:27+00:00,2023-11-29 06:19:37+00:00,4540.0
geronimo-specs,Java,27,30,1900.0,2003-08-14 16:12:52+00:00,2019-08-10 13:59:29+00:00,5839.0
servicemix4-specs,Java,9,6,254.0,2008-04-22 17:09:14+00:00,2014-01-02 08:53:17+00:00,2080.0
geronimo-genesis,Java,2,5,457.0,2006-07-08 23:19:20+00:00,2016-11-22 11:21:35+00:00,3789.0
geronimo-xbean,Java,25,39,1062.0,2005-05-08 17:39:52+00:00,2025-10-30 16:19:51+00:00,7479.0
geronimo,Java,41,22,13137.0,2003-08-07 20:22:20+00:00,2013-03-21 00:35:41+00:00,3513.0
geronimo-gshell,Java,11,5,1691.0,2006-05-04 08:12:04+00:00,2009-06-24 10:24:03+00:00,1147.0
geronimo-yoko,Java,3,14,334.0,2008-01-09 20:33:14+00:00,2017-02-19 01:27:51+00:00,3328.0
geronimo-javamail,Java,10,15,233.0,2006-06-14 10:18:51+00:00,2024-12-09 09:32:38+00:00,6752.0
wink,Java,20,22,895.0,2009-06-08 17:20:10+00:00,2016-03-09 23:11:45+00:00,2466.0
shiro,Java,4409,2315,4340.0,2005-07-14 15:10:24+00:00,2025-11-19 10:33:57+00:00,7432.0
xmlbeans,Java,57,63,2017.0,2003-09-02 18:55:16+00:00,2025-09-24 08:40:36+00:00,8057.0
activemq-activeio,Java,13,9,126.0,2005-12-09 16:59:31+00:00,2012-04-19 15:40:48+00:00,2322.0
activemq-cpp,C++,106,68,3212.0,2006-09-07 20:12:15+00:00,2019-01-25 20:21:39+00:00,4523.0
activemq-stomp,Ruby,1,3,16.0,2009-07-20 09:43:18+00:00,2009-10-28 15:02:13+00:00,100.0
thrift,C++,10835,4083,7305.0,2008-05-16 20:33:47+00:00,2025-11-19 20:24:32+00:00,6395.0
activemq-protobuf,Java,19,10,53.0,2008-08-29 16:25:30+00:00,2017-08-23 19:05:28+00:00,3281.0
pdfbox,Java,2951,926,12729.0,2008-02-10 18:26:16+00:00,2025-11-19 12:10:56+00:00,6491.0
aries,Java,116,159,6549.0,2009-09-29 12:10:45+00:00,2025-11-20 17:01:37+00:00,5896.0
trafficserver,C++,1912,841,16603.0,2009-10-10 00:05:24+00:00,2025-11-21 16:25:38+00:00,5886.0
tuscany-das,Java,1,7,434.0,2005-12-18 02:57:58+00:00,2011-03-29 18:08:03+00:00,1927.0
tuscany-sca-1.x,Java,2,7,10863.0,2005-12-18 02:57:58+00:00,2011-12-14 12:09:11+00:00,2187.0
tuscany-sdo,Java,5,10,530.0,2005-12-18 02:57:58+00:00,2009-11-10 22:30:15+00:00,1423.0
tuscany-sca-2.x,Java,24,16,16253.0,2005-12-18 02:57:58+00:00,2013-09-10 16:50:53+00:00,2823.0
libcloud,Python,2097,925,10219.0,2009-12-02 23:14:46+00:00,2025-03-03 07:55:14+00:00,5569.0
httpd-docs-build,Perl,5,5,63.0,2004-11-27 08:23:59+00:00,2019-02-16 09:12:12+00:00,5194.0
grails-core,Groovy,2857,968,55351.0,2005-07-02 21:51:31+00:00,2025-11-21 16:14:30+00:00,7446.0
grails-spring-security,Groovy,268,229,3953.0,2010-03-22 17:17:08+00:00,2025-11-04 15:16:48+00:00,5705.0
subversion,C,615,189,61001.0,2000-03-01 02:32:07+00:00,2025-11-16 15:58:35+00:00,9391.0
grails-doc,,203,537,5128.0,2005-07-02 21:51:31+00:00,2025-10-10 23:51:22+00:00,7405.0
tuscany-sca-cpp,C++,7,6,1430.0,2006-01-04 09:05:27+00:00,2013-08-26 05:18:19+00:00,2790.0
jmeter,Java,9105,2239,18475.0,1998-09-03 00:24:13+00:00,2025-11-20 14:16:02+00:00,9940.0
log4j-component,CSS,5,5,68.0,2007-04-11 20:49:23+00:00,2012-05-26 15:48:32+00:00,1871.0
httpd-flood,C,8,4,280.0,2001-07-18 03:33:35+00:00,2008-09-26 06:53:51+00:00,2627.0
maven-2,Java,13,12,5638.0,2003-09-01 16:05:50+00:00,2012-05-21 19:40:09+00:00,3185.0
myfaces-scripting,Java,2,5,863.0,2009-08-17 17:48:16+00:00,2017-09-24 22:01:34+00:00,2960.0
mina-sshd,Java,1029,385,3115.0,2008-12-04 16:24:17+00:00,2025-10-27 17:30:47+00:00,6171.0
ace,Java,27,23,1603.0,2009-05-08 13:25:26+00:00,2017-07-25 11:58:04+00:00,2999.0
esme,Scala,17,8,662.0,2008-12-05 07:14:12+00:00,2012-04-06 12:50:18+00:00,1218.0
log4j-zeroconf,Java,5,5,25.0,2007-06-11 05:09:57+00:00,2011-08-18 05:20:38+00:00,1529.0
harmony,Java,89,38,956.0,2005-09-29 21:02:59+00:00,2011-07-19 17:38:16+00:00,2118.0
log4j-extras,Java,15,9,213.0,2007-04-12 14:04:47+00:00,2014-03-26 21:30:40+00:00,2540.0
log4j-receivers,CSS,4,4,96.0,2007-04-12 15:49:32+00:00,2012-05-26 15:48:32+00:00,1870.0
pouchdb,JavaScript,17475,1499,5270.0,2010-06-10 20:35:26+00:00,2025-11-19 13:38:08+00:00,5640.0
deltacloud,Ruby,72,25,2674.0,2010-07-01 20:37:58+00:00,2016-02-26 05:42:05+00:00,2065.0
groovy-geb,Groovy,1161,235,3078.0,2009-11-07 03:19:44+00:00,2025-11-18 01:21:36+00:00,5854.0
tomcat55,Java,11,15,829.0,2009-08-07 19:24:38+00:00,2012-10-07 12:36:50+00:00,1156.0
photark,HTML,10,6,289.0,2008-08-23 21:13:31+00:00,2012-02-24 05:31:00+00:00,1279.0
tomcat-native,C,86,63,1376.0,2005-01-14 13:49:25+00:00,2025-10-10 13:47:17+00:00,7573.0
karaf,Java,699,665,9835.0,2007-11-26 18:06:16+00:00,2025-11-21 12:05:53+00:00,6569.0
tomcat-connectors,C,19,37,5932.0,2001-05-12 05:52:38+00:00,2025-01-01 10:05:27+00:00,8635.0
nuvem,Java,2,3,138.0,2010-07-10 19:55:20+00:00,2012-07-16 08:30:46+00:00,736.0
maven-surefire,Java,448,558,3522.0,2004-01-30 22:03:57+00:00,2025-11-08 23:20:58+00:00,7953.0
whirr,Java,94,56,569.0,2010-06-01 04:41:54+00:00,2015-04-24 06:31:06+00:00,1788.0
hama,Java,132,71,1595.0,2008-06-19 09:52:00+00:00,2018-07-29 21:44:33+00:00,3692.0
mod_perl,Perl,36,15,4749.0,1999-04-07 16:01:03+00:00,2024-02-06 08:33:52+00:00,9070.0
apreq,C,9,8,1411.0,2003-01-15 14:17:46+00:00,2022-11-02 13:28:16+00:00,7230.0
npanday,C#,14,14,2034.0,2006-12-08 00:07:38+00:00,2014-08-22 11:56:22+00:00,2814.0
myfaces-html5,Java,5,8,81.0,2010-07-30 22:32:50+00:00,2023-12-16 21:55:30+00:00,4886.0
commons-validator,Java,218,168,2749.0,2002-01-06 00:47:39+00:00,2025-11-21 14:25:55+00:00,8720.0
forrest,XSLT,7,11,9184.0,2002-02-06 17:37:46+00:00,2018-07-30 06:20:35+00:00,6017.0
servicemix-documentation,JavaScript,14,8,96.0,2010-02-08 09:29:57+00:00,2016-02-12 22:31:12+00:00,2195.0
myfaces-extcdi,Java,9,10,1136.0,2010-01-15 06:43:19+00:00,2022-07-08 18:58:06+00:00,4557.0
webservices-commons-xmlschema,Java,4,5,373.0,2005-06-01 18:48:10+00:00,2010-10-23 21:58:26+00:00,1970.0
xerces2-j,Java,38,63,5510.0,1999-11-09 01:10:52+00:00,2019-04-06 04:32:42+00:00,7088.0
myfaces-extval,Java,3,8,519.0,2008-07-14 17:58:09+00:00,2023-12-18 01:00:23+00:00,5634.0
maven-integration-testing,,30,72,2573.0,2006-10-24 01:24:29+00:00,2025-10-01 19:07:26+00:00,6917.0
servicemix-components,Java,11,12,225.0,2010-12-09 22:25:00+00:00,2014-04-09 17:51:21+00:00,1216.0
stanbol,Java,114,74,3404.0,2010-11-15 13:19:31+00:00,2018-12-01 20:44:15+00:00,2938.0
openwebbeans,Java,69,63,4244.0,2008-11-22 17:29:01+00:00,2025-05-14 09:51:07+00:00,6016.0
geronimo-txmanager,Java,14,8,139.0,2007-07-24 22:01:59+00:00,2023-10-23 15:19:58+00:00,5934.0
geronimo-schema-5,,2,3,13.0,2010-04-13 05:53:53+00:00,2010-08-20 14:48:42+00:00,129.0
activemq-apollo,Java,154,71,2244.0,2009-02-11 19:57:08+00:00,2019-03-11 22:01:10+00:00,3680.0
geronimo-schema-6,,2,3,9.0,2010-01-31 09:31:44+00:00,2010-08-20 14:48:42+00:00,201.0
geronimo-devtools,Java,4,4,1981.0,2005-08-16 19:46:27+00:00,2013-05-29 20:27:39+00:00,2843.0
geronimo-jaspi,Java,3,4,54.0,2008-07-11 19:10:51+00:00,2012-05-03 07:59:34+00:00,1391.0
geronimo-schema-14,,2,2,12.0,2010-04-13 06:24:20+00:00,2010-08-20 14:48:42+00:00,129.0
bval,Java,45,29,1418.0,2010-03-12 20:07:45+00:00,2025-03-17 09:46:50+00:00,5483.0
clerezza,Java,38,26,2341.0,2009-11-30 11:01:52+00:00,2022-05-19 22:51:02+00:00,4553.0
karaf-site,HTML,6,16,744.0,2010-06-25 14:27:52+00:00,2025-11-14 10:22:58+00:00,5620.0
incubator-kie-optaplanner,Java,3437,963,9038.0,2005-12-05 22:42:19+00:00,2025-10-27 20:38:47+00:00,7265.0
incubator-kie-drools,Java,6165,2577,17596.0,2005-12-05 22:42:19+00:00,2025-11-21 13:51:48+00:00,7290.0
cassandra-ccm,Python,1230,310,1345.0,2011-02-07 14:32:04+00:00,2022-06-23 01:41:13+00:00,4153.0
bookkeeper,Java,1975,965,3603.0,2011-03-30 04:43:01+00:00,2025-10-29 10:26:59+00:00,5327.0
mrunit,Java,38,24,234.0,2009-04-06 21:23:26+00:00,2016-05-12 22:41:03+00:00,2593.0
zetacomponents,PHP,47,14,7856.0,2005-07-28 07:56:44+00:00,2012-02-08 11:16:48+00:00,2386.0
hcatalog,Java,59,44,425.0,2011-03-15 23:03:04+00:00,2013-03-26 01:01:33+00:00,741.0
ftpserver,Java,80,56,977.0,2003-03-31 06:50:36+00:00,2012-09-15 20:34:47+00:00,3456.0
karaf-cellar,Java,50,51,1271.0,2011-05-06 17:55:35+00:00,2025-09-25 08:57:11+00:00,5255.0
derby,Java,368,141,8269.0,2004-08-11 21:07:37+00:00,2019-08-18 23:21:51+00:00,5485.0
grails-redis,Groovy,77,49,538.0,2011-06-07 03:51:59+00:00,2025-10-22 10:50:14+00:00,5251.0
servicemix5,CSS,10,7,115.0,2011-06-29 12:04:27+00:00,2014-03-27 04:44:07+00:00,1001.0
servicemix-website,CSS,5,9,258.0,2011-06-28 22:46:18+00:00,2025-01-21 06:42:59+00:00,4955.0
empire-db,Java,88,25,1851.0,2008-08-04 07:33:09+00:00,2025-11-18 11:56:23+00:00,6315.0
santuario-cpp,C++,6,14,943.0,2003-02-02 10:48:22+00:00,2022-08-04 13:41:45+00:00,7123.0
santuario-java,Java,25,33,2922.0,2001-09-28 17:52:10+00:00,2020-05-15 07:25:56+00:00,6803.0
sqoop,Java,983,585,969.0,2011-06-14 12:07:16+00:00,2021-03-16 13:53:04+00:00,3563.0
bigtop,Groovy,662,527,3187.0,2011-07-19 19:44:48+00:00,2025-07-16 10:04:34+00:00,5110.0
nano,JavaScript,1117,154,721.0,2011-08-11 15:17:42+00:00,2016-05-16 09:02:50+00:00,1739.0
kandula,Java,5,5,125.0,2005-08-20 02:59:21+00:00,2010-09-22 01:13:03+00:00,1858.0
logging-flume,Java,2557,1560,2014.0,2011-08-09 22:55:42+00:00,2024-10-10 11:41:44+00:00,4810.0
sandesha,Java,1,2,884.0,2006-06-15 05:51:15+00:00,2014-06-01 13:18:49+00:00,2908.0
rampart,Java,1,13,1041.0,2007-01-03 05:58:13+00:00,2018-10-28 20:17:59+00:00,4316.0
npanday-its,C#,1,5,444.0,2009-05-01 08:48:45+00:00,2014-08-22 02:32:17+00:00,1938.0
kafka,Java,31355,14798,16648.0,2011-08-01 23:41:24+00:00,2025-11-21 15:21:29+00:00,5225.0
savan,Java,5,3,36.0,2007-01-26 09:38:29+00:00,2010-02-13 01:41:48+00:00,1113.0
giraph,Java,619,304,1138.0,2011-08-06 07:27:30+00:00,2022-03-09 03:51:20+00:00,3867.0
tomcat-maven-plugin,Java,171,150,625.0,2011-08-30 08:23:49+00:00,2025-09-14 21:09:29+00:00,5129.0
pivot,Java,43,25,4660.0,2008-06-05 13:08:58+00:00,2019-08-14 04:00:20+00:00,4086.0
oozie,Java,726,475,2412.0,2011-08-19 19:23:39+00:00,2025-01-27 08:18:57+00:00,4909.0
ambari,Java,2273,1743,25082.0,2011-08-30 22:00:51+00:00,2025-11-13 06:16:09+00:00,5188.0
tomcat,Java,8012,5299,27902.0,2006-03-27 13:53:46+00:00,2025-11-21 17:49:35+00:00,7179.0
accumulo,Java,1121,470,14569.0,2011-10-04 00:46:07+00:00,2025-11-20 23:57:55+00:00,5161.0
commons-fileupload,Java,254,192,2068.0,2002-03-24 07:05:13+00:00,2025-11-21 18:03:16+00:00,8643.0
commons-compress,Java,382,304,6348.0,2003-11-23 20:07:47+00:00,2025-11-21 14:39:44+00:00,8033.0
httpasyncclient,Java,84,58,379.0,2009-09-12 20:25:37+00:00,2017-02-23 14:47:19+00:00,2720.0
commons-exec,Java,154,89,1600.0,2005-07-29 02:59:37+00:00,2025-11-21 14:41:07+00:00,7420.0
directmemory,Java,53,27,642.0,2011-10-12 19:37:28+00:00,2015-08-02 05:38:47+00:00,1389.0
tiles,Java,106,86,1465.0,2004-12-30 06:56:21+00:00,2018-09-07 11:28:24+00:00,4999.0
archiva-sandbox,Java,3,4,108.0,2011-10-22 21:07:55+00:00,2014-08-05 01:40:46+00:00,1017.0
kalumet,Java,7,5,172.0,2007-06-09 12:43:01+00:00,2014-03-21 11:25:08+00:00,2476.0
opennlp,Java,1556,488,2371.0,2010-12-02 22:56:04+00:00,2025-11-21 11:47:31+00:00,5467.0
lucy,C,100,24,3261.0,2006-06-06 15:44:30+00:00,2018-03-08 15:23:25+00:00,4292.0
maven-app-engine,Java,3,6,54.0,2011-05-17 16:57:50+00:00,2011-11-01 17:08:55+00:00,168.0
james-mime4j,Java,55,82,996.0,2005-05-03 13:44:19+00:00,2025-09-07 18:53:27+00:00,7432.0
james-jspf,Java,22,35,751.0,2006-05-06 12:29:21+00:00,2025-09-07 19:12:21+00:00,7064.0
lenya,Java,18,8,10657.0,2002-01-11 14:52:57+00:00,2011-09-26 09:07:59+00:00,3544.0
grails-cache,,22,39,617.0,2012-01-10 20:07:50+00:00,2025-04-17 16:34:09+00:00,4845.0
chemistry-opencmis,Java,56,74,2234.0,2010-02-16 16:03:38+00:00,2019-05-24 11:46:36+00:00,3383.0
incubator-retired-s4,Java,43,17,237.0,2011-06-08 04:49:37+00:00,2012-07-31 11:11:13+00:00,419.0
chemistry-dotcmis,C#,3,14,100.0,2011-01-20 11:38:48+00:00,2016-07-12 08:57:28+00:00,1999.0
chemistry-cmislib,Python,10,22,117.0,2010-07-12 17:40:58+00:00,2017-08-27 17:27:53+00:00,2602.0
chemistry-phpclient,PHP,5,15,46.0,2010-06-13 15:46:38+00:00,2013-11-17 23:24:08+00:00,1253.0
flex-whiteboard,,13,6,309.0,2012-01-06 17:15:29+00:00,2013-03-15 12:21:57+00:00,433.0
flex-site,HTML,4,12,1814.0,2012-01-05 01:54:25+00:00,2025-09-04 21:15:11+00:00,4991.0
cordova-apache-board-reports,,7,13,260.0,2011-10-25 16:29:53+00:00,2025-09-10 01:29:46+00:00,5068.0
jackrabbit-oak,Java,402,427,20579.0,2012-03-06 10:47:25+00:00,2025-11-20 10:20:09+00:00,5006.0
photark-mobile,JavaScript,4,5,59.0,2012-02-24 05:34:30+00:00,2012-11-03 18:17:31+00:00,253.0
chukwa,Java,84,40,854.0,2008-08-12 22:35:16+00:00,2019-03-31 22:34:41+00:00,3882.0
tiles-request,Java,9,21,170.0,2009-11-07 07:50:32+00:00,2017-11-07 11:39:03+00:00,2922.0
archiva-redback-components,Java,1,6,440.0,2012-04-06 06:50:20+00:00,2017-11-05 20:48:25+00:00,2039.0
tiles-autotag,Java,11,16,121.0,2010-01-09 13:28:40+00:00,2017-11-07 12:00:31+00:00,2858.0
tapestry-5,Java,128,94,5851.0,2007-04-24 02:30:57+00:00,2025-11-16 08:50:57+00:00,6781.0
grails-quartz,Groovy,81,95,636.0,2007-05-07 06:14:46+00:00,2025-10-20 08:11:24+00:00,6741.0
any23,HTML,98,55,2074.0,2008-12-18 17:56:05+00:00,2022-06-03 20:34:17+00:00,4915.0
karaf-cave,Java,19,22,346.0,2011-08-10 16:08:30+00:00,2021-03-27 17:53:47+00:00,3517.0
dubbo,Java,41589,26552,8598.0,2011-10-20 15:04:29+00:00,2025-11-21 08:28:43+00:00,5145.0
incubator-pagespeed-ngx,C++,4353,362,1137.0,2012-06-23 20:13:06+00:00,2023-04-21 06:56:35+00:00,3953.0
manifoldcf,Java,80,66,5254.0,2010-01-11 22:36:06+00:00,2025-09-30 09:19:04+00:00,5740.0
tashi,Python,9,7,449.0,2008-11-12 20:09:02+00:00,2013-03-13 10:12:25+00:00,1581.0
james-hupa,Java,23,17,727.0,2009-09-04 09:04:09+00:00,2021-07-30 10:52:51+00:00,4347.0
james-postage,Java,2,7,79.0,2006-06-14 08:24:01+00:00,2021-07-30 10:52:54+00:00,5525.0
james-jdkim,Java,22,39,213.0,2009-10-06 16:38:39+00:00,2025-10-02 23:46:40+00:00,5840.0
odftoolkit,Java,36,24,822.0,2011-08-31 09:29:37+00:00,2018-10-02 11:11:40+00:00,2589.0
james-jsieve,Java,10,24,615.0,2004-02-06 15:08:17+00:00,2025-09-16 18:54:48+00:00,7893.0
karaf-webconsole,Java,6,12,178.0,2011-08-11 02:43:39+00:00,2013-05-22 19:47:26+00:00,650.0
cassandra-gocql-driver,Go,2666,642,2200.0,2012-08-26 15:41:40+00:00,2025-11-18 10:37:39+00:00,4831.0
royale-compiler,Java,103,51,5010.0,2012-08-16 15:00:35+00:00,2025-11-05 17:28:13+00:00,4829.0
flex-tlf,ActionScript,29,19,265.0,2012-08-16 15:00:35+00:00,2024-03-04 23:43:40+00:00,4218.0
flex-utilities,HTML,79,68,1200.0,2012-08-15 20:30:54+00:00,2025-09-04 20:55:32+00:00,4768.0
flex-sdk,ActionScript,362,146,33549.0,2012-01-03 10:10:08+00:00,2024-03-04 21:47:35+00:00,4444.0
creadur-rat,Java,33,52,3427.0,2008-03-11 23:08:58+00:00,2025-11-21 08:36:29+00:00,6463.0
drill,Java,1998,987,4566.0,2012-09-03 20:21:32+00:00,2025-11-06 14:29:22+00:00,4811.0
directmemory-lightning,Java,1,5,65.0,2012-10-01 20:50:11+00:00,2015-01-30 04:35:46+00:00,850.0
crunch,Java,108,81,1093.0,2011-10-10 06:12:24+00:00,2021-02-02 17:20:15+00:00,3403.0
druid,Java,13874,3768,15461.0,2012-10-23 19:08:07+00:00,2025-11-21 16:49:23+00:00,4776.0
cassandra-java-driver,Java,1374,889,1923.0,2017-03-29 18:07:10+00:00,2025-11-13 18:02:11+00:00,3150.0
cordova-coho,JavaScript,31,62,1070.0,2012-01-17 22:44:49+00:00,2025-11-19 17:27:47+00:00,5054.0
cordova-weinre,JavaScript,534,135,208.0,2010-12-17 01:01:48+00:00,2018-07-07 15:40:00+00:00,2759.0
cordova-mobile-spec,JavaScript,65,104,857.0,2009-07-24 22:59:54+00:00,2025-11-21 18:03:59+00:00,5963.0
cordova-bada-wac,JavaScript,2,6,76.0,2012-04-02 23:33:33+00:00,2019-04-16 17:17:28+00:00,2569.0
cordova-android,JavaScript,3751,1579,4169.0,2008-10-15 21:24:39+00:00,2025-11-19 02:41:35+00:00,6243.0
cordova-qt,C++,58,23,137.0,2010-12-08 22:41:58+00:00,2019-04-16 17:16:07+00:00,3050.0
cordova-wp8,C#,82,94,1164.0,2010-08-17 00:14:16+00:00,2019-04-16 17:15:40+00:00,3164.0
cordova-js,JavaScript,641,822,2034.0,2011-11-15 15:40:28+00:00,2025-11-19 18:55:37+00:00,5118.0
cordova-tizen,JavaScript,30,26,55.0,2012-07-27 12:44:05+00:00,2019-04-16 17:15:54+00:00,2454.0
cordova-docs,JavaScript,353,561,3476.0,2009-07-07 01:56:35+00:00,2025-11-19 02:15:54+00:00,5979.0
cordova-webos,JavaScript,20,17,143.0,2011-04-07 18:06:29+00:00,2019-04-16 17:16:21+00:00,2930.0
cordova-ios,JavaScript,2204,1001,4069.0,2008-08-03 18:06:05+00:00,2025-11-21 07:48:46+00:00,6318.0
cordova-bada,C++,4,9,116.0,2011-03-09 22:06:11+00:00,2019-04-16 17:17:09+00:00,2959.0
cordova-wp7,,9,18,774.0,2010-08-17 00:14:16+00:00,2019-04-16 17:16:52+00:00,3164.0
cordova-windows,JavaScript,203,171,648.0,2012-05-29 08:30:41+00:00,2022-07-12 22:05:21+00:00,3696.0
cordova-labs,,49,50,10.0,2012-06-04 18:34:18+00:00,2016-10-05 05:21:21+00:00,1583.0
cordova-app-hello-world,CSS,200,218,199.0,2012-06-04 18:34:18+00:00,2025-08-29 06:05:35+00:00,4833.0
causeway,Java,881,315,29588.0,2004-07-30 11:02:50+00:00,2025-11-20 19:14:47+00:00,7783.0
logging-log4php,PHP,100,80,929.0,2004-01-23 12:04:26+00:00,2020-12-19 04:09:25+00:00,6174.0
commons-net,Java,283,201,4112.0,2002-04-03 01:04:21+00:00,2025-11-21 14:43:14+00:00,8633.0
cordova-osx,Objective-C,235,85,277.0,2010-04-19 12:20:45+00:00,2022-03-21 08:20:28+00:00,4353.0
cordova-blackberry,JavaScript,30,58,828.0,2010-05-25 00:01:46+00:00,2019-04-16 17:12:51+00:00,3248.0
cordova-cli,JavaScript,957,345,1423.0,2012-06-04 18:34:18+00:00,2025-11-19 06:13:13+00:00,4915.0
jena,Java,1237,670,12558.0,2012-05-08 12:22:19+00:00,2025-11-17 11:51:56+00:00,4940.0
tomee,Java,467,690,15905.0,2006-01-02 00:24:53+00:00,2025-11-21 09:57:07+00:00,7263.0
incubator-retired-hdt,Java,7,7,63.0,2013-01-05 05:26:59+00:00,2014-12-23 06:21:37+00:00,717.0
oodt,Java,65,60,2251.0,2010-05-03 01:15:31+00:00,2022-01-07 06:11:46+00:00,4267.0
openejb,Java,12,25,9650.0,2002-01-18 23:20:14+00:00,2013-01-13 22:33:08+00:00,4012.0
tomee-site,HTML,1,5,1143.0,2011-06-08 20:19:36+00:00,2019-07-09 20:20:44+00:00,2953.0
predictionio,Scala,12532,1919,4495.0,2013-01-25 19:42:32+00:00,2019-12-12 16:15:01+00:00,2511.0
predictionio-sdk-ruby,Ruby,191,39,119.0,2013-02-01 13:29:11+00:00,2018-09-20 18:40:31+00:00,2057.0
predictionio-sdk-java,Java,106,54,130.0,2013-02-06 02:06:29+00:00,2018-09-13 22:50:27+00:00,2045.0
predictionio-sdk-python,Python,196,79,122.0,2013-02-06 02:07:29+00:00,2017-10-25 13:54:37+00:00,1722.0
commons-configuration,Java,211,145,4608.0,2003-12-23 15:09:04+00:00,2025-11-21 14:31:31+00:00,8003.0
predictionio-sdk-php,PHP,267,55,104.0,2013-03-12 15:56:47+00:00,2018-09-13 18:19:54+00:00,2011.0
echarts,TypeScript,65082,19798,10178.0,2013-05-31 09:45:54+00:00,2025-11-20 08:36:14+00:00,4555.0
incubator-pagespeed-cpanel,Perl,146,50,40.0,2013-03-13 22:45:47+00:00,2023-04-21 06:57:28+00:00,3690.0
bloodhound,Python,147,30,1238.0,2012-01-10 17:12:32+00:00,2018-02-17 18:49:54+00:00,2230.0
cordova-app-harness,JavaScript,53,46,326.0,2013-04-05 15:07:43+00:00,2019-04-16 17:18:53+00:00,2202.0
cordova-plugman,JavaScript,403,151,1052.0,2012-01-19 02:16:57+00:00,2025-11-21 17:58:19+00:00,5055.0
cordova-firefoxos,JavaScript,45,33,137.0,2012-06-04 18:34:18+00:00,2019-04-16 17:14:21+00:00,2506.0
incubator-retired-ripple,JavaScript,171,53,1144.0,2011-07-27 14:53:39+00:00,2016-01-31 16:38:23+00:00,1649.0
tez,Java,506,441,3062.0,2013-03-15 21:49:28+00:00,2025-11-12 09:08:01+00:00,4624.0
stormcrawler,Java,948,268,2382.0,2013-04-12 14:13:30+00:00,2025-11-18 19:00:47+00:00,4603.0
creadur-tentacles,Java,3,8,668.0,2011-09-27 21:22:57+00:00,2025-11-21 14:05:18+00:00,5168.0
cloudstack,Java,2701,1240,38231.0,2010-08-11 16:13:25+00:00,2025-11-14 20:22:12+00:00,5574.0
creadur-whisker,Java,7,7,1164.0,2011-08-06 12:04:10+00:00,2025-11-21 08:52:40+00:00,5220.0
ode-jacob,Java,11,6,163.0,2006-07-03 19:47:22+00:00,2014-07-23 14:51:48+00:00,2941.0
royale-asjs,ActionScript,378,116,13833.0,2012-11-30 06:47:13+00:00,2025-08-28 02:01:30+00:00,4653.0
flex-flexunit,ActionScript,17,10,915.0,2009-05-03 16:43:03+00:00,2024-03-04 22:50:04+00:00,5419.0
flex-external,HTML,3,5,6.0,2012-06-20 19:54:34+00:00,2014-04-25 23:45:38+00:00,674.0
oltu,Java,167,118,860.0,2010-01-27 16:34:31+00:00,2017-10-31 16:43:05+00:00,2834.0
deltaspike,Java,152,134,2693.0,2011-12-22 13:04:14+00:00,2025-08-11 06:08:11+00:00,4980.0
sis,Java,113,47,9629.0,2010-03-20 18:49:04+00:00,2025-10-11 15:09:34+00:00,5683.0
commons-beanutils,Java,307,225,2335.0,2001-03-27 05:25:34+00:00,2025-11-21 14:36:46+00:00,9005.0
commons-csv,Java,401,287,3039.0,2005-12-17 05:41:27+00:00,2025-11-21 14:40:16+00:00,7279.0
incubator-retired-provisionr,Java,5,7,350.0,2012-10-01 19:42:33+00:00,2013-11-25 10:12:17+00:00,419.0
incubator-tez,Java,60,41,778.0,2013-03-15 21:49:28+00:00,2014-07-17 20:55:18+00:00,488.0
logging-log4j2,Java,3557,1696,14622.0,2010-05-13 06:31:04+00:00,2025-11-11 21:12:22+00:00,5661.0
accumulo-fluo,Java,193,72,1031.0,2013-06-19 20:14:06+00:00,2025-09-24 19:23:17+00:00,4479.0
cordova-plugin-battery-status,JavaScript,104,146,246.0,2013-04-01 22:31:19+00:00,2024-10-26 03:21:04+00:00,4225.0
cordova-plugin-camera,Objective-C,967,1563,740.0,2013-04-01 22:35:43+00:00,2025-03-20 19:13:02+00:00,4370.0
cordova-plugin-console,JavaScript,146,85,152.0,2013-05-20 20:28:29+00:00,2019-02-11 17:38:23+00:00,2092.0
cordova-plugin-contacts,JavaScript,209,373,440.0,2013-04-02 18:23:20+00:00,2019-02-11 17:38:31+00:00,2140.0
cordova-plugin-device-motion,JavaScript,74,133,279.0,2013-03-19 21:36:40+00:00,2024-07-04 14:50:37+00:00,4124.0
cordova-plugin-device-orientation,JavaScript,61,79,239.0,2013-04-25 23:53:58+00:00,2024-10-26 03:57:30+00:00,4201.0
cordova-plugin-device,JavaScript,392,430,346.0,2013-04-02 18:33:50+00:00,2025-05-06 13:49:14+00:00,4416.0
cordova-plugin-dialogs,JavaScript,290,356,321.0,2013-06-25 00:04:59+00:00,2025-07-14 14:12:32+00:00,4402.0
cordova-plugin-file-transfer,JavaScript,604,880,540.0,2013-04-02 22:42:06+00:00,2025-07-31 15:49:53+00:00,4502.0
cordova-plugin-file,JavaScript,741,759,761.0,2013-04-02 18:54:13+00:00,2024-11-13 22:55:29+00:00,4243.0
cordova-plugin-globalization,JavaScript,139,109,236.0,2013-04-02 22:58:03+00:00,2019-06-18 18:44:45+00:00,2267.0
cordova-plugin-geolocation,JavaScript,641,662,356.0,2013-04-02 23:11:35+00:00,2025-04-26 17:37:25+00:00,4406.0
cordova-plugin-inappbrowser,Java,1129,2195,707.0,2013-04-02 23:27:26+00:00,2024-08-30 06:58:15+00:00,4167.0
cordova-plugin-media-capture,JavaScript,311,499,375.0,2013-04-03 21:14:18+00:00,2025-02-21 13:14:54+00:00,4341.0
cordova-plugin-media,JavaScript,389,766,454.0,2013-05-22 21:08:42+00:00,2024-10-26 01:35:51+00:00,4174.0
cordova-plugin-splashscreen,JavaScript,644,633,412.0,2013-04-03 17:47:26+00:00,2023-09-13 22:51:05+00:00,3815.0
cordova-plugin-network-information,Objective-C,464,326,303.0,2013-05-15 22:14:00+00:00,2024-10-26 01:34:21+00:00,4181.0
cordova-plugin-vibration,JavaScript,128,133,342.0,2013-05-13 22:05:30+00:00,2025-07-25 02:18:46+00:00,4455.0
flex-examples,ActionScript,11,12,9.0,2013-06-04 08:08:55+00:00,2015-10-19 06:11:35+00:00,866.0
devicemap-browsermap,JavaScript,9,5,28.0,2013-07-25 08:47:10+00:00,2014-07-21 08:22:47+00:00,360.0
commons-pool,Java,541,298,3204.0,2001-04-14 16:40:29+00:00,2025-11-21 14:43:43+00:00,8986.0
commons-dbcp,Java,358,249,3486.0,2001-04-14 17:14:51+00:00,2025-11-21 14:40:26+00:00,8986.0
commons-jcs,Java,103,52,2821.0,2002-04-07 16:55:19+00:00,2025-11-21 14:42:05+00:00,8628.0
cassandra-python-driver,Python,1419,569,6091.0,2012-11-09 05:28:44+00:00,2025-08-23 09:46:21+00:00,4670.0
commons-jxpath,Java,35,63,1480.0,2001-08-23 00:47:02+00:00,2025-11-21 14:42:33+00:00,8856.0
commons-jexl,Java,225,92,3798.0,2002-04-26 04:23:17+00:00,2025-11-21 14:42:23+00:00,8610.0
commons-jelly,Java,18,24,2480.0,2002-02-11 00:27:41+00:00,2025-11-21 14:42:14+00:00,8684.0
commons-ognl,Java,83,41,991.0,2011-05-05 09:38:09+00:00,2024-01-20 15:53:42+00:00,4643.0
commons-proxy,Java,26,22,608.0,2005-08-21 17:38:47+00:00,2025-11-02 20:37:48+00:00,7378.0
commons-email,Java,167,121,1938.0,2004-11-25 09:56:55+00:00,2025-11-21 14:40:57+00:00,7666.0
commons-functor,Java,25,25,900.0,2003-01-27 19:33:44+00:00,2025-03-22 13:33:09+00:00,8089.0
commons-imaging,Java,471,199,3070.0,2007-10-06 05:00:16+00:00,2025-11-21 14:41:35+00:00,6621.0
commons-jci,Java,15,18,1060.0,2005-01-03 23:54:18+00:00,2025-11-21 14:41:56+00:00,7626.0
commons-bsf,Java,27,22,997.0,2002-11-01 10:03:07+00:00,2025-11-21 14:28:16+00:00,8421.0
commons-chain,Java,79,56,715.0,2003-08-11 04:44:15+00:00,2025-06-27 10:43:33+00:00,7991.0
commons-daemon,C,102,71,1922.0,2003-09-04 23:28:19+00:00,2025-11-21 14:47:44+00:00,8113.0
commons-bcel,Java,264,133,3249.0,2001-10-29 12:42:33+00:00,2025-11-21 14:35:04+00:00,8789.0
commons-digester,Java,56,45,2938.0,2001-05-03 00:28:33+00:00,2025-11-21 14:40:47+00:00,8968.0
commons-dbutils,Java,386,182,1473.0,2003-11-02 19:15:24+00:00,2025-11-21 14:40:37+00:00,8054.0
commons-vfs,Java,245,215,4518.0,2002-07-16 17:19:16+00:00,2025-11-21 14:45:11+00:00,8528.0
mesos,C++,5344,1670,18448.0,2011-04-27 06:59:39+00:00,2024-08-23 18:59:00+00:00,4867.0
falcon,Java,104,112,2227.0,2011-11-24 03:46:09+00:00,2018-08-09 10:32:37+00:00,2450.0
metamodel,Java,157,150,893.0,2013-06-09 20:32:07+00:00,2021-06-23 19:22:20+00:00,2935.0
manifoldcf-integration-sharepoint-2007,C#,1,2,38.0,2011-10-03 21:58:28+00:00,2017-03-01 13:59:52+00:00,1975.0
manifoldcf-integration-sharepoint-2010,C#,2,4,68.0,2011-10-03 21:58:28+00:00,2017-03-01 14:00:12+00:00,1975.0
manifoldcf-integration-solr-3.x,Java,0,2,2141.0,2010-03-17 20:17:26+00:00,2017-03-01 14:02:57+00:00,2540.0
manifoldcf-integration-solr-4.x,Java,7,3,3376.0,2010-03-17 20:17:26+00:00,2017-03-01 14:03:18+00:00,2540.0
incubator-sentry,Java,34,43,713.0,2012-12-14 19:07:54+00:00,2016-03-22 10:40:15+00:00,1193.0
incubator-ambari,Java,8,13,3673.0,2011-08-30 22:00:51+00:00,2013-11-23 02:44:54+00:00,815.0
grails-data-mapping,,226,199,15275.0,2010-02-18 00:17:55+00:00,2025-10-11 00:12:59+00:00,5713.0
incubator-knox,Java,4,3,75.0,2013-03-06 22:00:39+00:00,2014-02-24 14:58:19+00:00,354.0
cloudstack-cloudmonkey,Go,107,71,485.0,2012-10-31 17:32:30+00:00,2025-11-03 11:42:54+00:00,4750.0
cloudstack-docs,HTML,15,57,184.0,2013-06-23 20:49:55+00:00,2023-08-18 04:35:18+00:00,3707.0
cordova-medic,JavaScript,16,27,492.0,2012-07-01 22:36:00+00:00,2019-04-16 17:18:08+00:00,2479.0
chemistry-objectivecmis,Objective-C,11,3,132.0,2012-12-04 14:47:06+00:00,2017-07-25 12:56:46+00:00,1693.0
cordova-registry,JavaScript,5,11,19.0,2014-03-13 23:58:23+00:00,2019-04-16 17:19:32+00:00,1859.0
cordova-registry-web,JavaScript,9,21,167.0,2013-10-21 23:23:49+00:00,2019-04-16 17:19:20+00:00,2002.0
sirona,JavaScript,110,45,893.0,2008-01-18 19:54:05+00:00,2017-07-05 20:04:31+00:00,3456.0
commons-weaver,Java,22,14,739.0,2012-11-19 03:54:31+00:00,2025-11-21 14:45:21+00:00,4750.0
couchdb-admin,Shell,7,10,150.0,2013-03-07 19:59:46+00:00,2024-11-03 13:25:50+00:00,4258.0
cassandra-cpp-driver,C++,418,292,2879.0,2013-08-21 21:24:40+00:00,2025-08-27 11:27:30+00:00,4388.0
aurora,Java,634,230,4091.0,2010-04-13 22:59:31+00:00,2020-02-21 18:19:34+00:00,3600.0
cordova-plugins,,247,220,223.0,2012-06-04 18:34:18+00:00,2020-04-22 04:43:55+00:00,2878.0
incubator-batchee,Java,15,17,273.0,2013-11-05 06:58:50+00:00,2019-06-01 14:51:16+00:00,2034.0
storm,Java,6662,4055,11232.0,2011-09-16 05:20:45+00:00,2025-11-21 14:04:58+00:00,5180.0
usergrid,Java,994,422,10954.0,2011-09-28 07:39:53+00:00,2020-12-17 11:34:45+00:00,3368.0
click,Java,15,11,5009.0,2004-12-29 07:11:23+00:00,2015-09-14 15:43:46+00:00,3911.0
openoffice,C++,1122,362,9252.0,2011-06-14 16:29:01+00:00,2025-11-20 22:33:15+00:00,5273.0
velocity-tools,Java,50,48,1853.0,2002-01-03 20:11:54+00:00,2024-12-28 15:32:24+00:00,8394.0
velocity-engine,Java,398,135,4478.0,2000-09-30 17:03:07+00:00,2025-07-18 05:21:25+00:00,9056.0
cordova-ubuntu,C++,25,38,201.0,2013-11-07 06:39:06+00:00,2019-04-16 17:14:35+00:00,1986.0
uima-addons,Java,11,14,115.0,2011-06-09 19:47:52+00:00,2018-04-19 15:47:36+00:00,2505.0
uima-uimaj,Java,66,37,9055.0,2006-11-02 22:06:05+00:00,2025-10-01 09:12:22+00:00,6907.0
uima-build,XSLT,2,3,490.0,2010-04-09 14:56:16+00:00,2019-06-07 15:12:34+00:00,3346.0
uima-sandbox,Java,6,5,2324.0,2006-12-06 09:58:27+00:00,2014-10-27 19:13:52+00:00,2882.0
uima-uimacpp,C++,16,18,344.0,2007-02-03 16:38:32+00:00,2024-07-04 06:42:27+00:00,6360.0
incubator-retired-wave,Java,228,98,406.0,2011-02-16 03:02:00+00:00,2018-01-27 15:03:10+00:00,2537.0
cordova-browser,JavaScript,172,86,229.0,2013-12-10 00:12:50+00:00,2025-11-21 17:58:28+00:00,4364.0
cordova-amazon-fireos,Java,21,23,351.0,2013-11-18 22:38:24+00:00,2019-04-16 17:16:37+00:00,1974.0
karaf-eik,Java,7,12,654.0,2012-01-04 06:53:04+00:00,2014-08-13 07:15:36+00:00,952.0
lucy-charmonizer,C,4,5,538.0,2006-07-06 16:25:11+00:00,2017-05-20 12:55:08+00:00,3970.0
uima-uimafit,Java,32,16,1055.0,2012-12-13 18:49:33+00:00,2023-11-13 18:19:29+00:00,3986.0
river-container,Java,6,6,36.0,2013-05-27 07:01:50+00:00,2014-02-18 14:29:20+00:00,267.0
lucy-clownfish,C,12,12,2174.0,2009-12-07 12:22:28+00:00,2018-02-15 02:58:40+00:00,2991.0
jclouds,Java,212,145,10916.0,2009-04-11 16:24:33+00:00,2025-04-28 08:12:40+00:00,5860.0
drat,JavaScript,31,28,610.0,2014-01-08 16:57:38+00:00,2019-10-05 23:17:55+00:00,2096.0
helix,Java,489,241,4772.0,2011-06-22 01:56:46+00:00,2025-11-20 19:04:01+00:00,5265.0
struts,Java,1336,833,8126.0,2006-02-22 05:16:10+00:00,2025-11-21 05:48:42+00:00,7212.0
couchdb-chttpd,Erlang,15,28,628.0,2010-06-09 15:41:57+00:00,2017-03-16 02:36:56+00:00,2471.0
datafu,Java,120,67,637.0,2011-09-22 21:36:54+00:00,2025-05-20 11:31:53+00:00,4988.0
couchdb-config,,11,15,126.0,2011-07-31 16:45:31+00:00,2022-10-26 15:43:04+00:00,4104.0
couchdb-couch-dbupdates,Erlang,6,8,7.0,2013-03-04 11:02:24+00:00,2015-07-23 20:21:29+00:00,871.0
couchdb-couch-httpd,Erlang,5,4,1.0,2016-03-01 20:49:37+00:00,2016-03-01 20:49:37+00:00,0.0
couchdb-couch-index,Erlang,6,10,78.0,2011-09-15 17:22:30+00:00,2016-11-24 04:05:00+00:00,1896.0
couchdb-couch-collate,C++,4,5,7.0,2014-01-05 22:21:36+00:00,2014-04-19 02:31:03+00:00,103.0
couchdb-couch-mrview,Erlang,5,14,246.0,2011-09-15 17:23:01+00:00,2017-03-31 14:10:32+00:00,2023.0
couchdb-couch-plugins,Erlang,14,7,37.0,2013-07-31 13:12:30+00:00,2015-09-23 18:32:58+00:00,784.0
couchdb-couch-replicator,Erlang,10,14,275.0,2011-12-04 11:38:23+00:00,2017-03-10 06:15:47+00:00,1922.0
couchdb-couch,Erlang,43,44,2209.0,2008-03-28 23:32:19+00:00,2017-03-23 19:55:48+00:00,3281.0
couchdb-ddoc-cache,Erlang,4,7,34.0,2012-12-20 00:18:04+00:00,2015-08-23 10:29:24+00:00,976.0
couchdb-documentation,,150,221,1331.0,2012-12-03 08:30:25+00:00,2022-09-09 05:15:14+00:00,3566.0
couchdb-ets-lru,,4,6,32.0,2012-12-18 05:25:30+00:00,2022-10-28 15:32:39+00:00,3601.0
couchdb-fabric,Erlang,10,19,680.0,2010-05-25 16:46:00+00:00,2017-03-16 02:39:31+00:00,2486.0
couchdb-fauxton,JavaScript,405,227,2066.0,2012-10-25 10:38:10+00:00,2025-11-21 16:35:49+00:00,4775.0
couchdb-ibrowse,Erlang,6,12,307.0,2005-05-05 22:28:27+00:00,2025-09-17 16:13:26+00:00,7439.0
couchdb-jiffy,C++,9,10,240.0,2011-04-03 23:27:04+00:00,2024-06-08 00:33:50+00:00,4814.0
couchdb-mem3,Erlang,9,16,398.0,2010-02-22 20:19:15+00:00,2016-11-24 18:00:17+00:00,2466.0
couchdb-mochiweb,Erlang,6,9,683.0,2007-11-06 06:40:02+00:00,2025-09-17 18:55:16+00:00,6525.0
couchdb-oauth,Erlang,8,8,129.0,2008-05-16 14:51:38+00:00,2017-08-02 14:06:16+00:00,3364.0
couchdb-rebar,Erlang,7,7,1952.0,2009-11-25 22:23:42+00:00,2025-10-23 19:49:22+00:00,5810.0
couchdb-rexi,Erlang,8,6,124.0,2010-05-01 01:10:06+00:00,2015-01-31 16:26:49+00:00,1736.0
couchdb-twig,Erlang,5,5,35.0,2011-03-08 18:16:19+00:00,2016-05-11 15:26:42+00:00,1890.0
couchdb-snappy,C++,6,13,79.0,2011-03-25 21:57:27+00:00,2025-06-13 17:44:08+00:00,5193.0
jackrabbit-filevault,Java,51,73,1196.0,2013-08-10 05:32:51+00:00,2025-11-20 09:45:47+00:00,4485.0
jackrabbit-ocm,Java,2,12,395.0,2005-12-05 20:33:36+00:00,2013-01-28 11:35:33+00:00,2610.0
airavata,Java,132,139,10824.0,2011-07-09 19:21:43+00:00,2025-11-21 18:09:26+00:00,5248.0
marmotta,Java,55,50,2276.0,2013-01-03 12:41:43+00:00,2018-06-18 18:31:12+00:00,1992.0
wookie,Java,6,5,1921.0,2007-10-14 10:58:41+00:00,2014-11-24 10:11:41+00:00,2597.0
qpid-dispatch,Python,69,88,3510.0,2013-10-24 16:01:31+00:00,2025-03-19 18:27:18+00:00,4164.0
cloudstack-docs-admin,HTML,16,38,201.0,2014-01-25 21:16:31+00:00,2024-04-15 08:15:43+00:00,3732.0
cloudstack-docs-install,HTML,10,39,147.0,2014-01-25 21:18:18+00:00,2024-04-15 08:22:14+00:00,3732.0
couchdb-bear,Erlang,2,6,39.0,2012-03-30 22:22:30+00:00,2015-10-28 20:54:57+00:00,1306.0
cloudstack-docs-rn,Python,3,18,212.0,2014-02-07 21:06:32+00:00,2024-04-15 08:31:46+00:00,3719.0
couchdb-couch-log,Erlang,2,10,49.0,2014-02-12 20:08:54+00:00,2017-03-27 20:12:59+00:00,1139.0
couchdb-couch-stats,,2,10,40.0,2014-07-31 21:53:57+00:00,2015-08-21 17:50:30+00:00,385.0
couchdb-examples,Erlang,3,6,16.0,2013-10-03 19:50:34+00:00,2014-07-17 16:18:34+00:00,286.0
couchdb-folsom,Erlang,5,8,338.0,2011-03-17 19:38:01+00:00,2022-07-28 11:50:50+00:00,4150.0
couchdb-futon,JavaScript,4,9,895.0,2008-03-28 23:32:19+00:00,2015-03-14 18:54:34+00:00,2541.0
couchdb-goldrush,Erlang,2,5,23.0,2012-04-23 13:41:53+00:00,2014-01-24 00:22:07+00:00,640.0
couchdb-jquery-couch,JavaScript,11,18,90.0,2008-04-15 00:07:08+00:00,2016-05-12 12:31:10+00:00,2949.0
couchdb-lager,Erlang,3,8,453.0,2011-06-24 17:31:20+00:00,2021-01-06 13:28:57+00:00,3483.0
couchdb-query-server-spidermonkey,,2,0,0.0,,,
couchdb-meck,Erlang,4,5,554.0,2010-05-03 13:51:33+00:00,2025-10-12 09:38:08+00:00,5640.0
couchdb-query-server-node,JavaScript,5,7,12.0,2013-09-21 13:42:47+00:00,2013-10-04 13:06:51+00:00,12.0
cxf,Java,903,1445,19097.0,2008-04-23 17:50:00+00:00,2025-11-21 00:57:33+00:00,6420.0
juddi-styles,XSLT,1,3,18.0,2010-02-11 01:57:57+00:00,2012-02-22 19:01:20+00:00,741.0
juddi,Java,18,15,2997.0,2003-11-09 13:33:09+00:00,2023-01-20 23:22:43+00:00,7012.0
knox,Java,207,265,3028.0,2012-10-24 18:57:32+00:00,2025-11-21 12:23:37+00:00,4775.0
spark,Scala,42342,28946,46180.0,2010-03-29 23:17:55+00:00,2025-11-21 16:24:01+00:00,5715.0
curator,Java,3163,1253,2879.0,2011-07-14 19:59:21+00:00,2025-08-27 17:57:49+00:00,5157.0
cxf-build-utils,Java,6,8,379.0,2010-02-04 16:02:51+00:00,2025-11-17 22:58:33+00:00,5765.0
climate,Jupyter Notebook,141,111,2241.0,2011-12-13 03:57:45+00:00,2019-11-14 17:26:45+00:00,2893.0
cxf-fediz,Java,24,34,2371.0,2011-12-21 21:53:59+00:00,2025-11-18 16:54:13+00:00,5080.0
cxf-dosgi,Java,27,27,810.0,2009-01-12 15:55:34+00:00,2022-11-18 11:54:11+00:00,5057.0
cxf-xjc-utils,Java,19,35,457.0,2010-02-04 21:43:37+00:00,2025-11-17 08:06:46+00:00,5764.0
struts-examples,Java,440,561,1624.0,2006-05-07 04:48:10+00:00,2025-10-04 09:00:06+00:00,7090.0
samza-hello-samza,Java,113,134,218.0,2013-07-02 19:46:04+00:00,2021-04-02 01:28:38+00:00,2830.0
cordova-plugin-statusbar,Objective-C,618,490,317.0,2013-10-05 01:03:18+00:00,2024-08-20 07:25:39+00:00,3972.0
incubator-olingo-odata3-js,,1,0,0.0,,,
streams,Java,78,45,1819.0,2012-12-10 21:44:02+00:00,2024-02-10 17:31:41+00:00,4078.0
rave,Java,15,11,1555.0,2011-03-16 13:25:01+00:00,2015-01-21 19:23:32+00:00,1407.0
incubator-tajo,Java,26,15,1192.0,2011-12-09 11:39:47+00:00,2014-03-20 09:49:22+00:00,831.0
tajo,Java,134,111,2275.0,2011-12-09 11:39:47+00:00,2020-05-11 06:36:34+00:00,3075.0
servicemix,Java,166,153,409.0,2011-06-29 12:04:27+00:00,2023-12-09 06:50:08+00:00,4545.0
archiva-site,CSS,0,5,123.0,2014-04-09 01:36:18+00:00,2023-03-20 06:15:02+00:00,3267.0
allura,Python,143,38,10994.0,2009-10-14 19:23:08+00:00,2025-11-18 21:18:57+00:00,5879.0
archiva,Java,331,121,8785.0,2005-11-23 23:54:12+00:00,2023-03-20 06:00:55+00:00,6325.0
archiva-redback-core,Java,4,15,1115.0,2012-04-06 06:49:29+00:00,2022-08-06 04:16:58+00:00,3773.0
olingo-odata2,Java,42,79,942.0,2013-07-26 11:20:03+00:00,2025-05-07 19:43:56+00:00,4303.0
maven-indexer,Java,68,68,681.0,2010-11-03 22:51:12+00:00,2025-11-02 12:51:23+00:00,5477.0
olingo-odata4-js,JavaScript,43,26,149.0,2014-02-14 20:42:49+00:00,2016-06-27 13:12:06+00:00,863.0
olingo-odata4,Java,178,199,1948.0,2013-11-07 12:28:42+00:00,2025-06-04 20:42:12+00:00,4227.0
cordova-lib,JavaScript,228,244,3598.0,2012-01-19 02:16:57+00:00,2025-11-19 02:18:55+00:00,5053.0
incubator-brooklyn,Java,142,90,13002.0,2011-06-10 12:55:13+00:00,2016-01-30 12:05:26+00:00,1694.0
flex-blazeds,Java,55,44,172.0,2014-04-25 05:32:15+00:00,2024-09-06 20:28:34+00:00,3787.0
gora,Java,121,130,1422.0,2010-10-08 21:17:10+00:00,2024-01-11 11:37:00+00:00,4842.0
pinot,Java,5961,1429,14330.0,2014-10-31 17:25:02+00:00,2025-11-20 19:21:18+00:00,4038.0
incubator-retired-slider,Java,77,72,1974.0,2014-05-01 12:20:32+00:00,2018-05-24 21:04:51+00:00,1484.0
mahout,Python,2184,961,4886.0,2008-01-15 03:13:56+00:00,2025-11-21 04:23:28+00:00,6520.0
hbase,Java,5483,3382,20776.0,2007-04-03 20:34:28+00:00,2025-11-18 07:33:11+00:00,6803.0
portals-pluto,Java,26,36,2991.0,2003-09-30 14:01:12+00:00,2025-04-04 19:56:44+00:00,7857.0
ant-antlibs-antunit,Java,9,10,234.0,2005-04-15 14:32:50+00:00,2022-02-13 20:44:06+00:00,6148.0
ant-antlibs-common,XSLT,3,5,110.0,2005-04-19 12:42:13+00:00,2025-06-09 20:45:09+00:00,7356.0
ant-antlibs-compress,Java,5,4,322.0,2009-01-01 15:55:06+00:00,2019-05-27 18:45:55+00:00,3798.0
ant-antlibs-props,Java,6,10,65.0,2007-06-25 20:00:43+00:00,2020-08-14 08:23:49+00:00,4798.0
ant-antlibs-dotnet,Java,6,9,86.0,2005-04-15 14:32:50+00:00,2025-06-09 20:48:38+00:00,7360.0
ant-antlibs-svn,Java,3,2,45.0,2005-04-15 14:32:50+00:00,2019-01-22 13:55:49+00:00,5029.0
ant-antlibs-vss,Java,2,3,15.0,2010-09-01 23:12:33+00:00,2020-08-16 06:02:35+00:00,3636.0
ant-ivyde,Java,13,16,849.0,2007-01-24 18:30:33+00:00,2023-11-26 15:50:11+00:00,6149.0
ant-ivy,Java,72,115,3096.0,2005-06-16 11:18:39+00:00,2025-09-11 21:10:38+00:00,7392.0
ant,Java,451,449,15053.0,2000-01-13 10:15:43+00:00,2025-08-19 03:41:30+00:00,9349.0
incubator-retired-blur,Java,33,31,5242.0,2010-06-20 19:03:49+00:00,2017-06-22 12:06:31+00:00,2558.0
airavata-sandbox,JavaScript,1,24,448.0,2012-05-23 01:57:13+00:00,2023-03-27 18:33:51+00:00,3960.0
stratos,Java,158,115,8951.0,2013-06-28 19:05:24+00:00,2017-02-17 08:23:58+00:00,1329.0
phoenix,Java,1050,1009,4180.0,2014-01-27 19:16:01+00:00,2025-11-11 21:54:48+00:00,4306.0
flink,Java,25506,13781,37295.0,2010-12-15 16:02:01+00:00,2025-11-21 16:04:39+00:00,5455.0
ant-xooki,JavaScript,3,3,56.0,2006-12-18 17:06:07+00:00,2017-06-25 16:12:59+00:00,3841.0
parquet-format,Thrift,2114,454,429.0,2013-01-11 02:17:52+00:00,2025-10-20 20:39:23+00:00,4665.0
parquet-java,Java,2994,1495,2833.0,2012-08-31 22:17:05+00:00,2025-11-19 23:12:34+00:00,4828.0
parquet-cpp,,445,191,503.0,2014-05-12 20:52:15+00:00,2024-05-07 07:16:10+00:00,3647.0
ant-easyant-buildtypes,Java,3,3,40.0,2011-02-17 17:01:07+00:00,2016-12-13 08:41:25+00:00,2125.0
ant-easyant-core,Java,4,8,416.0,2011-02-17 17:01:07+00:00,2018-12-17 09:31:35+00:00,2859.0
ant-easyant-easyant4e,Java,2,3,12.0,2011-02-17 20:22:56+00:00,2016-12-13 08:42:36+00:00,2125.0
ant-easyant-plugins,Java,4,3,175.0,2011-02-17 17:01:07+00:00,2016-12-13 08:44:21+00:00,2125.0
ant-easyant-skeletons,Smarty,3,4,18.0,2011-02-17 17:01:07+00:00,2016-12-13 08:43:05+00:00,2125.0
ant-easyant-tasks,Java,3,4,30.0,2011-02-17 17:01:07+00:00,2016-12-13 08:43:48+00:00,2125.0
incubator-brooklyn-site,,2,7,70.0,2014-06-23 16:32:20+00:00,2014-12-17 17:52:19+00:00,177.0
incubator-optiq-csv,Java,2,6,70.0,2013-05-23 18:53:36+00:00,2014-07-02 18:26:27+00:00,404.0
calcite,Java,4987,2448,6360.0,2012-04-20 03:40:33+00:00,2025-11-12 12:22:30+00:00,4954.0
incubator-optiq-linq4j,Java,4,8,205.0,2012-04-20 03:40:33+00:00,2014-05-28 20:30:56+00:00,768.0
cassandra-spark-connector,Scala,1947,928,3238.0,2014-06-18 09:34:45+00:00,2025-04-29 09:28:34+00:00,3967.0
toolchain,Shell,5,9,98.0,2014-06-19 18:16:07+00:00,2015-12-01 20:10:50+00:00,530.0
cordova-plugin-test-framework,JavaScript,74,32,154.0,2012-06-04 18:34:18+00:00,2025-07-25 02:26:24+00:00,4798.0
couchdb-ioq,Erlang,6,12,55.0,2014-07-17 16:53:45+00:00,2025-09-09 19:51:20+00:00,4072.0
activemq-openwire,Java,17,9,31.0,2014-07-22 14:38:03+00:00,2024-01-16 21:11:58+00:00,3465.0
ranger,Java,1006,1046,5137.0,2014-08-14 20:48:58+00:00,2025-11-21 14:21:50+00:00,4116.0
couchdb-b64url,,1,6,40.0,2013-10-31 22:59:48+00:00,2022-10-28 15:28:23+00:00,3283.0
couchdb-cassim,Erlang,2,8,48.0,2013-12-23 21:42:29+00:00,2017-10-21 14:11:03+00:00,1397.0
couchdb-couch-event,Erlang,2,7,44.0,2013-04-22 17:44:14+00:00,2016-08-23 21:59:36+00:00,1219.0
couchdb-global-changes,Erlang,6,8,52.0,2013-08-09 12:47:35+00:00,2017-02-22 20:21:09+00:00,1293.0
couchdb-khash,,4,10,28.0,2013-05-11 03:57:20+00:00,2022-10-28 15:31:06+00:00,3457.0
celix,C,185,96,4815.0,2010-12-09 09:16:56+00:00,2025-11-13 03:46:24+00:00,5452.0
johnzon,Java,53,65,1107.0,2014-06-13 13:44:40+00:00,2025-11-13 22:15:47+00:00,4171.0
ddlutils,Java,28,49,741.0,2002-07-31 17:00:03+00:00,2016-10-24 00:48:33+00:00,5198.0
hadoop,Java,15374,9160,28037.0,2009-05-19 04:20:40+00:00,2025-11-21 11:03:18+00:00,6030.0
dubbo-js,TypeScript,773,164,903.0,2014-09-11 14:51:25+00:00,2024-05-27 01:52:35+00:00,3545.0
hadoop-common,Java,160,152,10509.0,2009-05-19 04:20:40+00:00,2014-08-23 06:01:17+00:00,1922.0
commons-math,Java,623,372,7358.0,2003-05-12 15:07:54+00:00,2025-11-21 14:43:05+00:00,8228.0
hadoop-hdfs,Java,202,113,1134.0,2009-05-19 04:20:40+00:00,2011-06-12 18:37:33+00:00,754.0
qpid-jms,Java,77,155,2449.0,2013-05-29 15:37:26+00:00,2025-09-12 16:38:03+00:00,4489.0
hadoop-mapreduce,Java,116,74,960.0,2009-05-19 04:20:40+00:00,2011-06-12 01:04:18+00:00,753.0
syncope,Java,308,200,9086.0,2010-04-29 10:33:03+00:00,2025-11-20 14:24:28+00:00,5684.0
reef,Java,96,95,3875.0,2012-08-01 16:33:53+00:00,2021-05-26 15:06:07+00:00,3219.0
qpid-proton,C++,237,217,4766.0,2012-03-20 20:27:43+00:00,2025-06-12 22:54:41+00:00,4832.0
karaf-decanter,Java,39,48,1188.0,2014-10-14 14:04:58+00:00,2025-11-11 16:04:29+00:00,4046.0
pdfbox-docs,HTML,29,46,435.0,2014-10-17 20:37:39+00:00,2025-11-17 15:22:31+00:00,4048.0
tomcat80,Java,119,117,15944.0,2006-03-27 13:53:46+00:00,2018-08-12 11:26:15+00:00,4520.0
commons-text,Java,367,272,2608.0,2014-11-11 19:42:39+00:00,2025-11-21 14:44:48+00:00,4027.0
couchdb-setup,Erlang,10,13,64.0,2014-10-31 14:37:29+00:00,2017-07-30 21:15:08+00:00,1003.0
xmlgraphics-fop-pdf-images,Java,14,2,250.0,2012-03-23 15:26:56+00:00,2025-10-01 11:45:53+00:00,4939.0
lens,Java,62,94,2449.0,2013-05-23 06:47:52+00:00,2019-11-05 06:40:42+00:00,2356.0
ant-ivy-site-styles,,1,0,0.0,,,
incubator-argus,,1,0,0.0,,,
gobblin,Java,2251,750,6520.0,2014-02-04 23:07:00+00:00,2025-11-20 06:29:40+00:00,4306.0
incubator-retired-tamaya,Java,45,32,1575.0,2014-11-22 14:28:01+00:00,2019-11-12 20:52:35+00:00,1816.0
grails-geb,,11,9,371.0,2014-12-11 00:35:11+00:00,2025-04-22 14:36:06+00:00,3785.0
nifi,Java,5836,2896,11275.0,2014-12-08 20:22:14+00:00,2025-11-21 15:44:18+00:00,4000.0
accumulo-fluo-uno,Shell,36,39,322.0,2014-12-17 21:39:31+00:00,2025-08-21 20:56:34+00:00,3899.0
kylin,Java,3761,1522,957.0,2022-08-01 07:48:53+00:00,2025-10-20 06:00:44+00:00,1175.0
incubator-retired-corinthia,HTML,16,5,400.0,2014-08-13 11:20:40+00:00,2016-01-31 16:30:44+00:00,536.0
incubator-taverna-site,HTML,5,8,1319.0,2014-11-12 02:38:41+00:00,2019-06-06 09:54:47+00:00,1667.0
grails-static-website,Groovy,28,90,1456.0,2015-01-14 14:41:50+00:00,2025-11-20 08:04:01+00:00,3962.0
struts-master,,2,2,91.0,2006-04-09 01:07:47+00:00,2024-04-06 17:10:52+00:00,6572.0
incubator-samoa,Java,250,105,118.0,2015-01-18 16:27:34+00:00,2020-02-24 23:56:21+00:00,1863.0
accumulo-fluo-muchos,Python,26,36,413.0,2015-01-21 13:23:09+00:00,2024-12-06 02:43:08+00:00,3606.0
predictionio-template-recommender,Scala,80,73,34.0,2015-01-27 16:18:48+00:00,2019-05-31 01:57:18+00:00,1584.0
predictionio-template-skeleton,Scala,26,39,19.0,2015-01-27 16:20:11+00:00,2019-05-31 01:54:50+00:00,1584.0
predictionio-template-similar-product,Scala,52,53,37.0,2015-01-27 16:16:31+00:00,2019-05-31 01:55:53+00:00,1584.0
predictionio-template-attribute-based-classifier,Scala,39,59,44.0,2015-01-27 16:13:50+00:00,2019-05-31 01:59:04+00:00,1584.0
trafficserver-qa,Python,3,14,109.0,2014-11-11 02:41:09+00:00,2016-11-04 15:08:26+00:00,724.0
tinkerpop,Java,2085,841,21639.0,2013-09-02 15:18:46+00:00,2025-11-21 00:57:42+00:00,4462.0
couchdb-mango,Erlang,35,13,193.0,2014-03-17 00:58:24+00:00,2017-02-07 16:40:09+00:00,1058.0
streams-examples,Java,4,14,139.0,2015-02-16 22:35:46+00:00,2018-01-20 18:36:59+00:00,1068.0
predictionio-template-ecom-recommender,Scala,74,53,36.0,2015-02-17 00:47:57+00:00,2019-05-31 01:57:57+00:00,1564.0
incubator-taverna-commandline,Java,5,6,373.0,2010-05-13 12:25:18+00:00,2020-03-12 16:28:51+00:00,3591.0
incubator-taverna-common-activities,Java,11,13,855.0,2009-02-13 09:09:52+00:00,2020-03-12 16:28:51+00:00,4045.0
incubator-taverna-engine,Java,17,9,2267.0,2009-02-05 13:17:08+00:00,2020-03-12 16:28:51+00:00,4053.0
incubator-taverna-language,Java,22,26,3560.0,2010-01-06 10:01:54+00:00,2020-03-12 16:28:51+00:00,3718.0
incubator-taverna-maven-parent,,2,8,272.0,2010-11-08 13:02:10+00:00,2020-03-12 16:28:51+00:00,3412.0
incubator-taverna-osgi,Java,2,8,195.0,2010-01-03 00:56:36+00:00,2020-03-12 16:28:51+00:00,3721.0
incubator-taverna-server,Java,6,7,819.0,2010-07-08 10:08:02+00:00,2020-03-12 16:28:51+00:00,3535.0
incubator-taverna-workbench-product,Shell,3,2,79.0,2012-09-28 12:06:27+00:00,2020-03-12 16:28:51+00:00,2722.0
incubator-taverna-workbench-common-activities,Java,2,4,502.0,2009-02-23 10:03:02+00:00,2020-03-12 16:28:51+00:00,4035.0
incubator-taverna-workbench,Java,6,8,2525.0,2009-02-25 08:45:10+00:00,2020-03-12 16:28:51+00:00,4033.0
ignite,Java,5010,1926,29690.0,2014-02-20 10:33:43+00:00,2025-11-21 07:25:17+00:00,4291.0
airavata-labs,,1,2,1.0,2015-03-07 21:12:23+00:00,2015-03-07 21:12:23+00:00,0.0
airavata-php-gateway,PHP,19,34,7833.0,2011-07-09 19:21:43+00:00,2022-08-30 16:21:43+00:00,4069.0
cordova-plugin-legacy-whitelist,Objective-C,4,14,29.0,2015-03-11 14:32:09+00:00,2019-02-11 17:39:49+00:00,1433.0
cordova-plugin-whitelist,JavaScript,444,199,97.0,2015-03-11 14:34:44+00:00,2021-06-29 10:09:03+00:00,2301.0
asterixdb,Java,298,143,10403.0,2010-06-16 20:42:03+00:00,2025-11-13 17:03:55+00:00,5628.0
servicemix-bundles,Java,58,106,28669.0,2008-06-23 21:12:19+00:00,2025-07-16 21:40:11+00:00,6232.0
struts-annotations,Java,4,9,82.0,2006-11-24 07:51:54+00:00,2025-06-28 14:20:00+00:00,6791.0
servicemix-specs,Java,0,24,423.0,2008-04-22 17:09:14+00:00,2021-05-06 07:50:06+00:00,4761.0
openmeetings,Java,670,263,3803.0,2015-12-13 05:54:37+00:00,2025-11-04 05:23:54+00:00,3613.0
ode-console,JavaScript,3,6,30.0,2015-03-18 21:58:34+00:00,2016-10-26 03:21:29+00:00,587.0
samza,Java,833,333,2610.0,2013-08-12 16:19:28+00:00,2025-05-02 22:22:30+00:00,4281.0
clerezza-rdf-core,Java,3,5,37.0,2015-03-15 08:12:46+00:00,2017-06-08 06:36:01+00:00,815.0
directory-kerby,Java,112,79,2709.0,2014-02-21 18:49:21+00:00,2025-11-20 10:10:22+00:00,4289.0
vxquery,Java,20,29,1156.0,2009-07-20 04:18:07+00:00,2018-07-01 18:28:11+00:00,3268.0
commons-rdf,Java,51,44,2046.0,2014-06-06 07:52:20+00:00,2025-11-21 14:43:53+00:00,4186.0
zeppelin,Java,6584,2829,5591.0,2013-06-19 04:40:59+00:00,2025-11-11 12:49:07+00:00,4528.0
asterixdb-hyracks,Java,19,31,2594.0,2010-06-16 20:42:03+00:00,2016-04-04 20:59:55+00:00,2119.0
dubbo-rpc-jsonrpc,Java,192,101,42.0,2015-04-01 16:23:50+00:00,2023-01-25 00:13:58+00:00,2855.0
polygene-java,Java,93,28,5820.0,2007-03-04 06:07:33+00:00,2019-02-14 17:37:06+00:00,4365.0
polygene-sandbox,Java,2,3,692.0,2009-03-30 14:00:24+00:00,2010-11-18 11:36:29+00:00,597.0
singa,C++,3578,1272,2997.0,2015-04-19 06:32:01+00:00,2025-03-26 13:39:31+00:00,3629.0
incubator-pagespeed-mod,C++,698,157,5033.0,2010-06-30 19:42:50+00:00,2023-04-21 06:56:58+00:00,4677.0
incubator-myriad,Java,153,68,439.0,2014-09-10 19:59:47+00:00,2019-08-26 12:27:10+00:00,1810.0
dubbo-python,Python,296,99,15.0,2024-05-11 06:37:06+00:00,2025-04-08 10:31:17+00:00,332.0
cordova-discuss,,20,28,146.0,2015-04-10 19:28:59+00:00,2023-04-05 19:19:44+00:00,2916.0
incubator-retired-openaz,Java,17,25,66.0,2015-04-13 15:36:48+00:00,2016-08-28 21:30:55+00:00,503.0
struts-archive,HTML,1,4,792.0,2005-08-31 01:15:01+00:00,2022-04-23 08:39:06+00:00,6079.0
groovy,Java,5397,1913,21982.0,2003-08-28 18:48:39+00:00,2025-11-21 16:39:14+00:00,8120.0
incubator-parquet-cpp,,1,0,0.0,,,
airflow,Python,43275,15966,34381.0,2014-10-06 21:29:38+00:00,2025-11-21 15:34:43+00:00,4063.0
incubator-retired-mrql,Java,17,15,169.0,2012-09-11 18:26:07+00:00,2017-08-22 20:54:08+00:00,1806.0
incubator-retired-htrace,Java,106,84,605.0,2012-07-25 01:05:29+00:00,2018-04-11 20:37:33+00:00,2086.0
incubator-parquet-mr,,1,0,0.0,,,
incubator-parquet-format,,1,0,0.0,,,
couchdb-javascript-tests,,2,0,0.0,,,
sedona,Java,2244,743,2319.0,2015-04-24 18:01:29+00:00,2025-11-16 07:28:39+00:00,3858.0
couchdb-erlang-tests,Erlang,2,3,7.0,2016-03-16 18:14:46+00:00,2016-05-24 18:28:52+00:00,69.0
geode,Java,2328,692,11309.0,2015-04-28 21:37:16+00:00,2025-11-19 11:55:25+00:00,3857.0
couchdb-www,HTML,40,39,578.0,2008-12-12 22:32:42+00:00,2025-11-11 10:11:31+00:00,6177.0
mxnet,C++,20828,6750,11896.0,2015-04-30 16:21:15+00:00,2023-01-26 21:28:45+00:00,2828.0
incubator-retired-wave-docs,Python,10,10,10.0,2015-05-06 23:16:50+00:00,2018-01-27 15:05:08+00:00,996.0
drill-site,HTML,12,28,1625.0,2014-11-29 00:24:30+00:00,2025-09-17 22:44:49+00:00,3945.0
predictionio-template-java-ecom-recommender,Java,39,40,29.0,2015-05-01 08:07:51+00:00,2019-03-12 13:51:11+00:00,1411.0
echarts-www,JavaScript,65,62,853.0,2015-05-05 11:14:45+00:00,2025-11-10 15:54:11+00:00,3842.0
cloudstack-ec2stack,Python,15,14,344.0,2014-02-07 19:34:58+00:00,2023-01-30 09:39:10+00:00,3278.0
cloudstack-gcestack,Python,4,7,335.0,2013-08-24 03:53:18+00:00,2023-01-30 09:40:22+00:00,3446.0
orc,Java,750,503,2061.0,2015-05-07 12:51:50+00:00,2025-11-05 02:54:04+00:00,3834.0
predictionio-template-text-classifier,Scala,36,34,150.0,2015-04-21 03:54:22+00:00,2019-06-10 01:47:52+00:00,1510.0
incubator-atlas,Java,95,106,1739.0,2014-11-20 07:08:27+00:00,2017-07-21 16:28:44+00:00,974.0
incubator-taverna-databundle-viewer,Ruby,2,4,127.0,2015-05-07 00:11:57+00:00,2020-03-12 16:25:31+00:00,1771.0
incubator-taverna-mobile,Java,15,23,699.0,2015-05-07 00:17:44+00:00,2020-03-12 16:25:31+00:00,1771.0
activemq-artemis,Java,993,942,11850.0,2014-10-29 15:52:15+00:00,2025-11-19 16:05:38+00:00,4039.0
cloudstack-www,HTML,19,61,649.0,2015-05-11 17:25:23+00:00,2025-11-11 12:26:47+00:00,3836.0
flink-web,HTML,153,320,1989.0,2015-01-06 17:13:12+00:00,2025-11-12 15:02:47+00:00,3962.0
trafodion,C++,244,151,7254.0,2013-11-02 20:04:01+00:00,2021-05-05 14:23:32+00:00,2740.0
incubator-pagespeed-drp,Python,2,7,42.0,2011-06-06 12:37:19+00:00,2023-04-21 06:57:48+00:00,4336.0
dubbo-website,CSS,485,800,1992.0,2020-12-22 05:19:33+00:00,2025-11-17 02:15:17+00:00,1790.0
streams-master,CSS,6,9,83.0,2015-06-15 19:00:56+00:00,2017-01-07 20:27:53+00:00,572.0
wicket-site,HTML,6,15,423.0,2015-05-09 06:56:28+00:00,2025-09-30 20:14:36+00:00,3797.0
datasketches-website,HTML,105,38,1447.0,2015-06-18 22:03:27+00:00,2025-09-22 19:04:33+00:00,3748.0
couchdb-couch-epi,Erlang,4,7,36.0,2015-06-23 10:24:40+00:00,2016-10-14 18:39:36+00:00,479.0
datasketches-hive,Java,50,22,318.0,2015-06-30 00:22:28+00:00,2025-02-24 00:45:30+00:00,3527.0
datasketches-java,Java,933,216,3509.0,2015-06-30 01:05:21+00:00,2025-11-15 18:06:26+00:00,3791.0
datasketches-pig,Java,9,9,372.0,2015-06-30 00:47:32+00:00,2025-02-21 17:49:13+00:00,3524.0
couchdb-ci,Shell,10,16,256.0,2015-07-02 10:22:31+00:00,2025-11-10 17:31:24+00:00,3784.0
commons-scxml,Java,61,53,2113.0,2005-08-17 18:48:02+00:00,2025-11-21 14:44:20+00:00,7400.0
james-project,Java,971,484,16916.0,2006-09-30 17:19:35+00:00,2025-11-18 07:35:29+00:00,6988.0
couchdb-nano,JavaScript,685,167,898.0,2011-08-11 15:17:42+00:00,2025-10-16 09:43:03+00:00,5179.0
incubator-kie-docs,JavaScript,40,183,4611.0,2015-04-03 12:20:01+00:00,2025-11-17 08:43:35+00:00,3880.0
couchdb-nmo,JavaScript,12,9,90.0,2015-04-06 20:35:26+00:00,2016-02-08 14:48:12+00:00,307.0
couchdb-docker,Dockerfile,282,144,288.0,2013-12-18 13:27:23+00:00,2025-11-11 19:52:41+00:00,4346.0
superset,TypeScript,69062,16204,18073.0,2015-07-02 22:16:59+00:00,2025-11-21 15:05:48+00:00,3794.0
incubator-retired-cotton,Python,91,22,56.0,2015-04-30 22:50:15+00:00,2015-12-10 14:09:10+00:00,223.0
aurora-packaging,Shell,22,26,101.0,2015-06-15 14:31:22+00:00,2019-12-17 05:29:38+00:00,1645.0
incubator-ignite,,2,0,0.0,,,
couchdb-peruser,Erlang,8,6,54.0,2013-08-01 01:30:54+00:00,2016-08-26 09:00:41+00:00,1121.0
incubator-lens,,1,0,0.0,,,
predictionio-sdk-swift,Swift,4,8,35.0,2015-02-23 15:49:25+00:00,2015-08-07 08:32:22+00:00,164.0
nifi-site,HTML,18,53,494.0,2015-08-13 16:52:31+00:00,2025-10-06 07:26:42+00:00,3706.0
apex-malhar,Java,133,146,6097.0,2012-08-20 23:32:32+00:00,2019-06-02 17:25:36+00:00,2476.0
apex-core,Java,350,174,6122.0,2012-06-07 02:42:55+00:00,2021-04-09 14:15:23+00:00,3228.0
nifi-maven,Java,28,32,98.0,2015-08-13 16:51:02+00:00,2025-10-23 04:09:48+00:00,3723.0
kafka-site,HTML,74,344,904.0,2015-10-02 19:16:55+00:00,2025-11-16 18:26:35+00:00,3697.0
grails-views,,57,43,5695.0,2005-07-02 21:51:31+00:00,2025-10-10 23:58:04+00:00,7405.0
incubator-pegasus,C++,2036,319,5941.0,2015-03-06 06:44:02+00:00,2025-11-21 10:10:08+00:00,3913.0
incubator-retired-wave-android,Java,9,13,5.0,2015-08-22 19:38:31+00:00,2018-01-27 15:04:22+00:00,888.0
freemarker-docgen,Java,5,8,548.0,2014-07-03 21:49:18+00:00,2025-06-22 14:34:45+00:00,4006.0
accumulo-fluo-recipes,Java,18,21,205.0,2015-09-04 01:26:33+00:00,2025-02-13 20:01:50+00:00,3450.0
freemarker-site,,7,17,279.0,2014-07-03 21:38:29+00:00,2025-06-22 15:14:04+00:00,4006.0
freemarker,Java,1063,271,2557.0,2010-03-14 20:26:24+00:00,2025-11-13 17:27:34+00:00,5722.0
hawq,C,694,325,1772.0,2015-09-09 19:23:47+00:00,2023-02-04 08:00:42+00:00,2704.0
incubator-ponymail,JavaScript,82,31,2494.0,2015-09-08 17:12:08+00:00,2022-02-07 11:20:59+00:00,2343.0
cordova-plugin-wkwebview-engine,Objective-C,607,354,154.0,2014-11-07 00:08:59+00:00,2021-02-08 13:20:07+00:00,2285.0
apex-site,CSS,10,25,284.0,2015-09-04 23:52:58+00:00,2018-05-23 21:17:28+00:00,991.0
shardingsphere-elasticjob,Java,8217,3274,2475.0,2015-10-09 09:59:23+00:00,2025-10-25 15:44:35+00:00,3669.0
incubator-retired-horn-site,CSS,4,3,6.0,2015-09-14 22:50:53+00:00,2017-07-19 22:54:57+00:00,674.0
incubator-retired-horn,Java,28,16,40.0,2015-09-09 00:34:43+00:00,2016-11-25 05:15:03+00:00,443.0
yetus,Shell,70,59,1458.0,2015-09-17 19:37:27+00:00,2025-07-12 17:46:07+00:00,3585.0
hawq-site,CSS,8,14,9.0,2015-09-04 23:27:56+00:00,2016-04-22 00:06:18+00:00,230.0
couchdb-couch-log-lager,Erlang,1,5,6.0,2015-09-17 21:12:34+00:00,2016-03-17 09:25:23+00:00,181.0
madlib-site,Jupyter Notebook,89,52,149.0,2015-09-17 05:02:45+00:00,2025-04-07 23:19:40+00:00,3490.0
incubator-heron,Java,3652,589,3308.0,2015-12-19 20:19:41+00:00,2023-03-01 15:11:03+00:00,2628.0
madlib,C++,468,152,3044.0,2010-09-03 15:46:35+00:00,2025-10-29 06:25:14+00:00,5534.0
directory-fortress-core,Java,51,35,2108.0,2011-09-11 18:28:10+00:00,2025-08-15 14:36:50+00:00,5086.0
directory-fortress-enmasse,Java,6,7,492.0,2012-12-09 17:19:05+00:00,2025-07-04 12:39:26+00:00,4589.0
directory-fortress-commander,Java,9,6,522.0,2013-08-27 19:52:44+00:00,2025-07-04 12:36:00+00:00,4328.0
directory-fortress-realm,Java,5,6,373.0,2011-09-11 18:27:31+00:00,2025-07-04 20:30:27+00:00,5045.0
rya,Java,113,73,460.0,2015-10-07 05:29:06+00:00,2020-12-16 19:27:39+00:00,1897.0
mynewt-documentation,Makefile,19,51,343.0,2015-09-24 16:12:43+00:00,2025-05-08 14:54:59+00:00,3513.0
incubator-retired-concerted,C++,11,5,41.0,2012-12-21 06:15:59+00:00,2015-10-28 09:33:25+00:00,1041.0
mynewt-core,C,871,380,11375.0,2015-06-23 19:07:13+00:00,2025-11-18 14:29:54+00:00,3800.0
mynewt-newt,Go,122,99,1711.0,2015-06-23 22:15:26+00:00,2025-09-18 07:07:35+00:00,3739.0
mynewt-blinky,C,6,16,73.0,2015-09-23 00:02:32+00:00,2025-07-08 13:58:32+00:00,3576.0
skywalking,Java,24590,6627,8386.0,2015-11-07 03:30:37+00:00,2025-11-19 13:12:42+00:00,3665.0
systemds,Java,1070,509,9057.0,2015-08-15 19:24:25+00:00,2025-11-16 10:42:58+00:00,3745.0
infrastructure-packer,Shell,2,6,18.0,2015-11-17 23:39:41+00:00,2016-11-07 15:55:03+00:00,355.0
eagle,Java,410,179,1050.0,2015-10-16 21:59:49+00:00,2019-10-08 06:05:57+00:00,1452.0
apache-website-template,,39,38,40.0,2015-11-08 10:50:14+00:00,2024-05-15 16:51:31+00:00,3111.0
unomi,Java,330,137,2678.0,2014-04-23 08:06:35+00:00,2025-11-10 10:58:11+00:00,4219.0
systemds-website,HTML,21,25,313.0,2015-11-08 10:50:14+00:00,2025-05-11 11:34:34+00:00,3472.0
whimsy,Ruby,98,88,8936.0,2012-05-24 00:20:13+00:00,2025-11-20 17:53:24+00:00,4928.0
brooklyn-client,Go,13,30,499.0,2015-03-18 17:14:34+00:00,2024-07-17 11:16:23+00:00,3408.0
brooklyn-dist,Shell,12,32,935.0,2011-06-10 12:55:13+00:00,2025-01-21 16:33:34+00:00,4974.0
brooklyn-docs,JavaScript,10,37,2062.0,2011-06-10 12:55:13+00:00,2025-10-06 13:34:29+00:00,5232.0
brooklyn-library,Java,11,36,3811.0,2011-06-10 12:55:13+00:00,2024-04-10 11:18:35+00:00,4687.0
brooklyn-server,Java,41,54,14472.0,2011-06-10 12:55:13+00:00,2025-10-06 13:33:49+00:00,5232.0
brooklyn-ui,JavaScript,16,42,2603.0,2011-06-10 12:55:13+00:00,2025-04-17 14:19:03+00:00,5060.0
brooklyn,Dockerfile,142,68,242.0,2011-06-10 12:55:13+00:00,2025-09-17 20:08:57+00:00,5213.0
metron,Java,865,504,1453.0,2015-12-08 06:29:00+00:00,2020-05-22 12:39:41+00:00,1627.0
whimsy-test,,1,3,5.0,2015-12-04 17:52:45+00:00,2015-12-04 17:58:59+00:00,0.0
infrastructure-iampoc,JavaScript,3,5,3.0,2015-12-19 05:25:31+00:00,2017-01-11 16:04:00+00:00,389.0
fineract-site,HTML,30,39,180.0,2015-12-24 19:22:23+00:00,2025-10-21 03:23:49+00:00,3588.0
fineract,Java,1879,2148,9083.0,2012-04-20 09:31:01+00:00,2025-10-28 13:32:28+00:00,4939.0
incubator-toree-website,SCSS,5,16,97.0,2015-11-08 10:50:14+00:00,2025-10-20 17:35:25+00:00,3634.0
incubator-toree,Scala,749,228,1203.0,2014-07-16 18:25:27+00:00,2025-11-18 04:34:20+00:00,4142.0
incubator-s2graph,Scala,271,65,1681.0,2015-05-04 10:32:57+00:00,2019-01-25 22:48:00+00:00,1362.0
shardingsphere,Java,20541,6871,47324.0,2016-01-18 12:49:26+00:00,2025-11-20 16:28:20+00:00,3594.0
lucene-solr,,4374,2631,34921.0,2001-09-11 21:44:36+00:00,2021-11-24 16:25:14+00:00,7378.0
beam,Java,8373,4440,46073.0,2014-12-13 18:56:14+00:00,2025-11-21 15:59:04+00:00,3995.0
kudu,C++,1892,661,10684.0,2012-10-11 07:06:53+00:00,2025-11-19 23:16:09+00:00,4787.0
incubator-guacamole,,1,0,0.0,,,
incubator-milagro,HTML,42,13,182.0,2016-02-05 16:21:23+00:00,2024-03-21 14:09:39+00:00,2966.0
incubator-retired-iota-site,CSS,0,2,10.0,2016-05-03 20:25:46+00:00,2016-07-03 04:45:58+00:00,60.0
incubator-retired-iota,Scala,34,30,190.0,2016-02-17 01:52:54+00:00,2017-05-17 16:59:05+00:00,455.0
steve,Python,19,14,1046.0,2012-08-06 22:22:36+00:00,2025-11-19 11:31:38+00:00,4852.0
mynewt-site,HTML,29,62,1410.0,2015-10-28 18:20:02+00:00,2025-04-17 13:39:17+00:00,3458.0
arrow,C++,16170,3906,18148.0,2016-02-05 20:08:35+00:00,2025-11-21 08:04:07+00:00,3576.0
openwhisk,Scala,6721,1173,3108.0,2016-02-19 22:47:33+00:00,2025-10-27 17:36:13+00:00,3537.0
arrow-site,HTML,37,119,719.0,2017-04-24 19:57:31+00:00,2025-11-18 08:15:29+00:00,3129.0
beam-site,HTML,29,126,5.0,2018-10-01 23:12:33+00:00,2018-10-16 16:07:00+00:00,14.0
airavata-docs,,4,7,223.0,2016-03-02 18:44:47+00:00,2023-08-02 15:57:04+00:00,2708.0
incubator-retired-edgent-website,HTML,6,20,297.0,2015-11-08 10:50:14+00:00,2019-04-04 07:26:59+00:00,1242.0
incubator-retired-edgent,Java,218,135,1398.0,2016-02-01 23:31:23+00:00,2019-04-01 22:34:20+00:00,1154.0
cordova-paramedic,JavaScript,36,54,429.0,2014-11-15 01:15:31+00:00,2025-07-15 09:02:42+00:00,3895.0
aries-rsa,Java,12,23,1052.0,2009-01-12 15:55:34+00:00,2025-07-01 17:55:32+00:00,6014.0
texera,Scala,213,110,7033.0,2016-03-15 20:38:46+00:00,2025-11-21 04:50:31+00:00,3537.0
nifi-minifi,Java,125,103,200.0,2016-03-14 20:53:17+00:00,2020-10-05 20:26:15+00:00,1665.0
guacamole-client,Java,1581,796,7130.0,2010-06-25 07:33:08+00:00,2025-11-10 01:30:36+00:00,5616.0
guacamole-manual,Jinja,52,53,1228.0,2012-06-13 07:40:25+00:00,2025-11-01 01:29:44+00:00,4888.0
guacamole-server,C,3595,721,4174.0,2010-12-08 21:14:04+00:00,2025-11-05 21:22:32+00:00,5446.0
openwhisk-client-js,JavaScript,82,54,274.0,2016-03-23 13:27:39+00:00,2024-10-04 17:14:00+00:00,3117.0
openwhisk-client-swift,Swift,21,12,59.0,2016-03-23 19:24:37+00:00,2018-05-09 03:20:14+00:00,776.0
joshua,Java,110,63,4256.0,2008-07-28 18:12:12+00:00,2020-09-04 12:55:41+00:00,4420.0
openwhisk-podspecs,Ruby,1,5,19.0,2016-03-25 15:31:35+00:00,2017-07-12 16:43:18+00:00,474.0
mynewt-newtmgr,Go,37,83,1558.0,2015-06-23 22:15:26+00:00,2025-05-12 11:03:20+00:00,3610.0
sentry,Java,120,90,1542.0,2012-12-14 19:07:54+00:00,2020-07-25 19:52:31+00:00,2780.0
mnemonic,Java,118,62,784.0,2015-12-07 08:27:46+00:00,2025-02-22 18:43:38+00:00,3365.0
airavata-site,HTML,5,12,136.0,2016-04-01 08:15:22+00:00,2025-04-21 10:25:40+00:00,3307.0
cordova-plugin-compat,Java,36,40,21.0,2016-03-31 19:57:35+00:00,2019-04-16 17:19:07+00:00,1110.0
incubator-kie-benchmarks,Java,8,43,607.0,2016-04-06 12:20:00+00:00,2025-07-01 07:49:02+00:00,3372.0
infrastructure-puppet-kitchen,Ruby,9,10,75.0,2015-01-05 23:58:14+00:00,2017-09-01 16:07:45+00:00,969.0
commons-crypto,Java,127,95,1991.0,2015-03-27 08:35:20+00:00,2025-11-21 14:40:03+00:00,3892.0
incubator-retired-gearpump,Scala,295,91,2251.0,2014-07-23 09:00:00+00:00,2018-08-27 14:47:34+00:00,1496.0
impala,C++,1252,540,12331.0,2011-05-23 22:28:19+00:00,2025-11-20 20:27:45+00:00,5294.0
phoenix-omid,Java,90,62,1404.0,2011-11-02 10:46:15+00:00,2025-10-14 11:15:24+00:00,5095.0
incubator-retired-quickstep-site,HTML,1,6,21.0,2016-04-13 21:32:33+00:00,2018-12-11 05:06:04+00:00,971.0
incubator-retired-quickstep,C++,94,64,970.0,2016-01-16 00:42:07+00:00,2018-12-01 01:47:55+00:00,1050.0
karaf-boot,Java,9,4,31.0,2015-09-09 14:09:55+00:00,2016-06-03 14:34:24+00:00,268.0
nifi-minifi-cpp,C++,167,100,1979.0,2016-04-25 15:55:54+00:00,2025-11-20 13:40:35+00:00,3495.0
incubator-taverna-plugin-gis,Java,3,4,19.0,2016-04-25 21:44:05+00:00,2020-03-12 16:28:51+00:00,1416.0
guacamole-website,JavaScript,297,123,448.0,2016-03-23 08:43:03+00:00,2025-09-13 13:59:15+00:00,3461.0
incubator-retired-openaz-site,ApacheConf,2,6,3.0,2016-02-09 20:16:58+00:00,2017-06-17 00:12:34+00:00,493.0
incubator-retired-gearpump-site,HTML,2,7,217.0,2015-02-15 04:27:40+00:00,2017-07-14 03:18:19+00:00,879.0
openwhisk-vscode,JavaScript,19,4,81.0,2016-05-13 14:18:27+00:00,2017-11-03 19:06:26+00:00,539.0
openwhisk-package-pushnotifications,JavaScript,10,14,88.0,2016-05-16 18:09:04+00:00,2021-03-09 16:15:12+00:00,1757.0
incubator-milagro-crypto,C,63,21,26.0,2016-03-10 13:13:17+00:00,2019-06-14 15:34:35+00:00,1191.0
incubator-milagro-mfa-js-client,JavaScript,2,3,13.0,2016-03-10 14:40:22+00:00,2016-11-29 12:44:19+00:00,263.0
incubator-milagro-mfa-js-lib,JavaScript,5,3,17.0,2015-11-19 13:51:33+00:00,2016-11-30 10:41:29+00:00,376.0
incubator-milagro-mfa-sdk-android,C++,2,6,27.0,2016-02-03 12:56:51+00:00,2016-12-15 10:29:24+00:00,315.0
incubator-milagro-mfa-sdk-core,C++,1,3,43.0,2016-01-20 10:21:02+00:00,2016-12-15 10:22:54+00:00,330.0
incubator-milagro-mfa-sdk-wp,C#,1,3,11.0,2016-02-08 14:31:40+00:00,2016-05-15 10:08:17+00:00,96.0
incubator-milagro-mfa-server,C++,17,9,31.0,2016-03-10 12:42:02+00:00,2019-05-30 09:04:25+00:00,1175.0
incubator-retired-gossip,Java,254,110,194.0,2015-01-09 16:33:10+00:00,2018-08-27 13:29:55+00:00,1325.0
bahir-website,CSS,19,15,147.0,2015-11-08 10:50:14+00:00,2022-08-05 19:43:38+00:00,2462.0
bahir,Scala,335,195,412.0,2012-12-22 01:11:39+00:00,2022-11-03 10:12:00+00:00,3603.0
incubator-milagro-mfa-sdk-ios,Objective-C++,3,4,40.0,2016-02-03 09:35:07+00:00,2016-11-17 16:15:44+00:00,288.0
incubator-ponymail-site,HTML,12,8,263.0,2016-05-30 06:17:27+00:00,2024-07-19 14:36:19+00:00,2972.0
incubator-milagro-tls,C,10,2,3.0,2016-05-05 16:12:09+00:00,2016-05-16 19:33:07+00:00,11.0
cordova-plugin-screen-orientation,JavaScript,219,233,220.0,2014-05-06 06:52:14+00:00,2024-10-26 01:32:31+00:00,3825.0
phoenix-tephra,Java,32,49,419.0,2014-07-18 00:56:03+00:00,2021-05-12 18:34:41+00:00,2490.0
openwhisk-package-jira,Shell,1,5,14.0,2016-06-02 14:22:44+00:00,2017-07-10 15:08:52+00:00,403.0
openwhisk-catalog,JavaScript,34,49,200.0,2016-06-02 14:43:53+00:00,2024-09-24 15:30:39+00:00,3036.0
echarts-theme-builder,Vue,268,71,212.0,2016-06-03 06:52:30+00:00,2025-11-10 18:03:09+00:00,3447.0
asterixdb-site,HTML,2,3,99.0,2015-05-30 01:44:11+00:00,2025-03-12 17:49:54+00:00,3574.0
cordova-status,,12,7,46.0,2016-06-13 17:15:47+00:00,2022-09-10 06:53:40+00:00,2279.0
incubator-retired-pirk,Java,58,26,183.0,2016-07-11 22:51:18+00:00,2017-04-18 17:08:01+00:00,280.0
accumulo-fluo-website,HTML,6,27,378.0,2014-09-30 20:06:15+00:00,2025-09-30 23:35:15+00:00,4018.0
incubator-weex-loader,JavaScript,67,30,152.0,2016-06-19 17:27:22+00:00,2021-05-27 13:03:04+00:00,1802.0
carbondata,Scala,1441,705,5036.0,2016-03-02 07:47:31+00:00,2025-11-04 08:39:36+00:00,3534.0
pulsar,Java,14970,3689,13832.0,2016-09-07 05:10:37+00:00,2025-11-20 17:23:08+00:00,3361.0
openwhisk-package-template,Scala,2,12,7.0,2016-06-28 15:48:12+00:00,2017-08-17 14:41:05+00:00,414.0
openwhisk-website,HTML,21,48,447.0,2016-06-29 21:44:07+00:00,2025-09-17 20:05:12+00:00,3366.0
incubator-weex-cli,JavaScript,561,112,877.0,2016-04-06 07:13:46+00:00,2021-05-27 13:01:39+00:00,1877.0
openwhisk-tutorial,JavaScript,25,13,23.0,2016-07-06 00:45:15+00:00,2018-07-30 14:16:06+00:00,754.0
qpid-cpp,C++,97,73,6814.0,2006-09-19 22:06:50+00:00,2023-09-30 08:53:04+00:00,6219.0
chemistry-portcmis,C#,4,11,43.0,2015-07-20 09:09:02+00:00,2017-10-18 10:08:04+00:00,821.0
qpid-python,Python,14,17,1057.0,2006-09-19 22:06:50+00:00,2023-09-30 09:44:39+00:00,6219.0
echarts-doc,JavaScript,253,199,2851.0,2015-12-16 06:18:57+00:00,2025-11-20 08:36:55+00:00,3627.0
juneau-website,HTML,9,16,721.0,2016-07-10 12:15:10+00:00,2025-06-26 16:53:57+00:00,3273.0
spark-website,HTML,131,228,1142.0,2013-07-08 13:40:38+00:00,2025-11-20 03:52:48+00:00,4517.0
struts-archetypes,Java,5,7,92.0,2016-07-14 17:51:07+00:00,2024-12-20 13:15:54+00:00,3080.0
royale-typedefs,ActionScript,7,10,745.0,2015-06-20 22:49:36+00:00,2024-12-10 00:24:36+00:00,3460.0
openwhisk-sample-slackbot,Scala,3,3,5.0,2016-07-18 20:20:02+00:00,2017-01-25 19:54:53+00:00,190.0
shiro-site,HTML,23,192,692.0,2013-05-11 21:10:40+00:00,2025-11-11 21:42:20+00:00,4567.0
openwhisk-package-rss,JavaScript,5,10,20.0,2016-07-21 19:32:14+00:00,2017-09-27 20:43:20+00:00,433.0
openwhisk-xcode,Objective-C,10,11,67.0,2016-07-21 23:09:35+00:00,2017-08-21 14:19:23+00:00,395.0
twill,Java,69,70,294.0,2013-11-21 01:18:51+00:00,2020-03-15 22:07:16+00:00,2306.0
distributedlog,Java,188,70,249.0,2016-04-13 05:34:38+00:00,2018-07-10 08:45:44+00:00,818.0
cordova-create,JavaScript,10,16,190.0,2016-06-24 23:48:35+00:00,2025-11-19 01:31:47+00:00,3434.0
juneau,HTML,89,39,4253.0,2016-08-01 00:02:03+00:00,2025-11-21 16:24:00+00:00,3399.0
couchdb-glazier,PowerShell,12,9,268.0,2010-08-28 09:47:53+00:00,2025-11-08 15:42:55+00:00,5551.0
flagon-distill,Python,11,14,351.0,2016-04-01 18:20:47+00:00,2025-02-18 21:38:37+00:00,3245.0
incubator-flagon-stout,HTML,3,4,263.0,2014-07-11 17:46:04+00:00,2021-02-14 04:34:12+00:00,2409.0
commons-rng,Java,59,41,1963.0,2016-08-07 21:44:22+00:00,2025-11-21 14:44:11+00:00,3392.0
incubator-flagon-tap,JavaScript,4,9,87.0,2016-06-10 19:01:25+00:00,2021-02-14 04:31:42+00:00,1709.0
incubator-flagon-user-ale,JavaScript,7,5,117.0,2014-07-10 14:27:33+00:00,2021-02-14 04:41:54+00:00,2410.0
incubator-twill,Java,1,7,184.0,2013-11-21 01:18:51+00:00,2016-07-03 07:37:20+00:00,955.0
bahir-flink,Java,785,423,170.0,2016-08-18 18:29:42+00:00,2023-05-30 16:37:14+00:00,2475.0
hawq-docs,HTML,3,9,837.0,2016-02-29 19:41:46+00:00,2018-03-21 00:02:52+00:00,750.0
incubator-retired-tamaya-extensions,Java,1,6,1618.0,2014-11-22 14:28:01+00:00,2020-07-03 10:45:08+00:00,2049.0
incubator-retired-tamaya-sandbox,Java,1,5,527.0,2015-01-22 19:26:03+00:00,2020-01-01 18:47:50+00:00,1804.0
cordova-template-reference,CSS,6,11,15.0,2016-06-16 21:30:48+00:00,2019-04-16 17:20:08+00:00,1033.0
incubator-flagon-userale-pyqt5,Python,4,3,43.0,2016-06-24 20:54:57+00:00,2021-02-14 04:22:55+00:00,1695.0
flagon-useralejs,JavaScript,30,27,567.0,2016-05-25 04:09:57+00:00,2025-02-18 21:39:57+00:00,3191.0
incubator-ariatosca,Python,28,45,190.0,2016-10-13 09:35:17+00:00,2018-07-15 22:41:00+00:00,640.0
cordova-electron,JavaScript,131,58,258.0,2015-05-31 00:59:39+00:00,2025-11-21 15:05:43+00:00,3827.0
usergrid-android,Java,11,12,2.0,2016-09-02 17:27:51+00:00,2016-09-02 19:26:17+00:00,0.0
usergrid-dotnet,C#,5,6,2.0,2016-09-02 17:06:01+00:00,2016-09-02 19:27:05+00:00,0.0
usergrid-javascript,JavaScript,15,6,2.0,2016-09-02 16:26:47+00:00,2016-09-02 19:27:42+00:00,0.0
usergrid-nodejs,JavaScript,8,5,159.0,2015-09-10 22:25:17+00:00,2016-11-17 20:32:59+00:00,433.0
usergrid-java,Java,11,19,2.0,2016-09-02 16:37:20+00:00,2016-09-02 19:30:12+00:00,0.0
usergrid-python,Python,7,5,2.0,2016-09-02 15:57:57+00:00,2016-09-02 19:28:14+00:00,0.0
usergrid-swift,Swift,15,10,24.0,2016-09-01 23:50:54+00:00,2016-11-10 03:03:46+00:00,69.0
couchdb-fauxton-server,,1,0,0.0,,,
trafficcontrol,Go,1156,352,12938.0,2015-04-08 23:02:08+00:00,2025-11-04 05:13:23+00:00,3862.0
openwhisk-client-python,,10,7,64.0,2016-02-19 22:47:33+00:00,2017-07-10 15:10:01+00:00,506.0
roller-website,HTML,1,4,60.0,2016-09-03 22:06:40+00:00,2025-04-09 23:41:02+00:00,3140.0
infrastructure-docker,,1,0,0.0,,,
openwhisk-sample-matos,Java,2,5,14.0,2016-08-08 20:37:00+00:00,2017-07-14 19:04:59+00:00,339.0
creadur-site,HTML,2,2,390.0,2016-09-09 21:53:33+00:00,2025-11-09 15:41:50+00:00,3347.0
asterixdb-bad,Java,1,1,111.0,2016-09-14 18:32:13+00:00,2020-09-19 18:25:23+00:00,1465.0
maven-resolver,Java,140,141,1478.0,2011-10-26 07:35:04+00:00,2025-11-20 20:13:41+00:00,5139.0
incubator-hivemall,Java,314,114,2037.0,2013-09-26 11:23:52+00:00,2022-09-06 15:55:16+00:00,3267.0
incubator-hivemall-site,HTML,3,3,4.0,2016-09-23 23:07:07+00:00,2022-09-06 15:55:55+00:00,2173.0
cordova-new-committer-and-pmc,,2,3,35.0,2016-09-20 07:37:31+00:00,2021-04-07 08:07:31+00:00,1660.0
commons-el,,1,0,0.0,,,
incubator-spot,Python,353,226,738.0,2015-12-16 00:11:56+00:00,2023-04-21 11:59:13+00:00,2683.0
incubator-retired-tamaya-site,CSS,1,8,276.0,2016-09-28 07:44:58+00:00,2020-09-14 11:15:51+00:00,1447.0
opennlp-addons,Java,17,11,158.0,2013-11-14 21:24:13+00:00,2025-11-21 11:47:05+00:00,4389.0
openwhisk-wskdeploy,Go,75,74,584.0,2016-10-05 22:36:44+00:00,2024-12-12 23:24:42+00:00,2990.0
opennlp-sandbox,Java,44,34,814.0,2011-02-23 19:47:14+00:00,2025-11-21 11:49:22+00:00,5384.0
openwhisk-workshop,JavaScript,36,19,52.0,2016-10-03 16:05:26+00:00,2019-01-24 15:25:14+00:00,842.0
openwhisk-package-kafka,Python,30,42,255.0,2016-10-10 14:55:34+00:00,2024-09-24 15:29:57+00:00,2906.0
incubator-incubator-mynewt-pkg-bsp,C,1,1,1.0,2016-10-11 10:25:18+00:00,2016-10-11 10:25:18+00:00,0.0
incubator-incubator-mynewt-pkg-sdk,C,1,2,1.0,2016-10-11 10:24:41+00:00,2016-10-11 10:24:41+00:00,0.0
incubator-incubator-mynewt-pkg-pkg,C,1,1,4.0,2016-10-09 10:04:32+00:00,2016-10-11 10:08:21+00:00,2.0
openwhisk-external-resources,,212,52,54.0,2016-10-11 13:15:33+00:00,2021-03-09 12:06:20+00:00,1609.0
mynewt-pkg-bsp,C,3,4,3.0,2016-10-11 10:25:18+00:00,2017-12-26 17:32:58+00:00,441.0
mynewt-pkg-pkg,C,3,4,4.0,2016-10-09 10:04:32+00:00,2016-10-11 10:08:21+00:00,2.0
mynewt-pkg-sdk,C,3,2,1.0,2016-10-11 10:24:41+00:00,2016-10-11 10:24:41+00:00,0.0
incubator-pagespeed-icu,C++,1,4,19.0,2012-01-26 02:22:45+00:00,2023-04-21 06:59:32+00:00,4103.0
incubator-pagespeed-optipng,C,3,5,7.0,2013-04-26 19:36:23+00:00,2023-04-21 06:58:25+00:00,3646.0
incubator-pagespeed-zlib,C,1,5,8.0,2012-01-11 13:11:54+00:00,2023-04-21 06:58:06+00:00,4117.0
tvm,Python,12834,3706,13344.0,2016-10-12 22:20:28+00:00,2025-11-21 17:18:10+00:00,3326.0
serf,C,27,9,2155.0,2001-09-29 05:20:55+00:00,2025-09-24 04:33:30+00:00,8760.0
openwhisk-package-alarms,JavaScript,24,47,186.0,2016-10-19 13:13:36+00:00,2024-09-24 14:47:17+00:00,2897.0
openwhisk-debugger,JavaScript,21,8,191.0,2016-09-22 00:44:49+00:00,2017-07-20 17:31:53+00:00,301.0
opennlp-site,CSS,7,16,214.0,2017-05-06 10:37:29+00:00,2025-11-21 13:11:18+00:00,3121.0
openwhisk-package-cloudant,Scala,16,32,180.0,2016-10-19 12:59:36+00:00,2024-09-24 15:31:01+00:00,2897.0
netbeans-temp,,2,2,4.0,2016-10-21 09:22:33+00:00,2016-10-22 14:11:44+00:00,1.0
commons-numbers,Java,80,62,1646.0,2017-01-04 10:04:25+00:00,2025-11-21 14:43:25+00:00,3243.0
infrastructure-website,HTML,37,87,3018.0,2016-10-26 22:26:52+00:00,2025-11-21 17:29:00+00:00,3312.0
openwhisk-devtools,JavaScript,179,128,187.0,2016-12-08 19:28:47+00:00,2024-09-24 15:29:18+00:00,2846.0
rya-site,SCSS,2,6,31.0,2015-10-16 15:04:13+00:00,2020-12-31 19:40:15+00:00,1903.0
openwhisk-apigateway,Lua,65,44,392.0,2015-08-12 21:17:00+00:00,2024-09-24 15:30:16+00:00,3330.0
grails-wrapper,,3,6,169.0,2016-11-02 14:45:28+00:00,2025-05-02 16:20:22+00:00,3103.0
logging-log4j-scala,Scala,23,12,348.0,2016-11-08 10:48:32+00:00,2025-02-24 01:53:14+00:00,3029.0
logging-log4j-audit,Java,21,10,276.0,2016-11-12 07:32:29+00:00,2024-04-18 16:29:57+00:00,2714.0
logging-log4j-tools,Java,17,19,578.0,2016-11-12 07:29:22+00:00,2025-06-03 07:51:30+00:00,3125.0
incubator,HTML,51,47,708.0,2016-11-08 04:49:49+00:00,2025-11-20 06:17:07+00:00,3299.0
openwhisk-client-go,Go,37,44,176.0,2016-01-20 04:52:26+00:00,2025-03-09 04:21:27+00:00,3335.0
echarts-examples,TypeScript,387,246,1133.0,2016-11-23 09:29:10+00:00,2025-11-13 06:51:00+00:00,3276.0
accumulo-bsp,Java,5,7,9.0,2012-04-23 17:25:25+00:00,2020-10-13 01:23:11+00:00,3094.0
accumulo-instamo-archetype,Java,2,5,66.0,2013-03-08 02:34:28+00:00,2024-11-25 20:51:37+00:00,4280.0
accumulo-website,HTML,17,105,872.0,2016-03-10 20:10:15+00:00,2025-10-31 19:51:55+00:00,3521.0
accumulo-pig,Java,2,4,9.0,2012-04-23 17:26:41+00:00,2020-10-05 21:15:06+00:00,3087.0
cassandra-builds,Shell,7,46,452.0,2016-11-11 22:27:04+00:00,2025-09-03 15:37:54+00:00,3217.0
aries-jax-rs-whiteboard,Java,27,30,795.0,2016-06-29 15:08:51+00:00,2022-12-30 07:16:08+00:00,2374.0
accumulo-wikisearch,Java,18,12,144.0,2012-01-11 15:44:09+00:00,2025-06-25 23:13:32+00:00,4914.0
cordova-common,JavaScript,42,45,346.0,2015-09-16 15:17:24+00:00,2025-11-19 02:17:07+00:00,3716.0
cordova-fetch,JavaScript,28,28,181.0,2016-05-09 21:18:21+00:00,2025-11-19 02:17:49+00:00,3480.0
cordova-serve,JavaScript,21,29,114.0,2015-06-05 19:05:52+00:00,2025-11-21 17:59:41+00:00,3821.0
logging-log4j-kotlin,Kotlin,50,14,340.0,2016-11-14 19:03:52+00:00,2025-10-28 14:48:58+00:00,3269.0
netbeans-website,,244,177,1782.0,2016-11-21 11:28:40+00:00,2024-01-22 13:19:01+00:00,2618.0
usergrid-qakka,Java,2,3,12.0,2016-11-18 15:57:41+00:00,2016-12-02 18:54:30+00:00,14.0
rocketmq,Java,22216,11975,8951.0,2013-05-15 05:45:27+00:00,2025-11-20 12:09:43+00:00,4572.0
accumulo-examples,Java,35,37,138.0,2016-12-06 21:00:54+00:00,2024-11-25 20:28:23+00:00,2910.0
commons-build-plugin,,5,17,1092.0,2008-02-19 16:17:11+00:00,2025-11-21 14:39:01+00:00,6484.0
incubator-annotator-website,HTML,11,8,109.0,2016-12-06 14:26:13+00:00,2025-08-11 19:48:36+00:00,3170.0
wink-website,HTML,2,2,117.0,2009-07-09 08:41:40+00:00,2016-02-11 20:44:53+00:00,2408.0
incubator-annotator,TypeScript,240,42,778.0,2017-04-22 22:17:29+00:00,2024-06-23 00:28:06+00:00,2618.0
carbondata-site,HTML,5,26,12.0,2016-12-12 17:03:54+00:00,2021-08-07 20:13:03+00:00,1699.0
openwhisk-test,JavaScript,3,9,15.0,2016-12-13 13:22:14+00:00,2020-04-30 05:11:23+00:00,1233.0
hudi,Java,6025,2443,6811.0,2016-12-16 22:03:59+00:00,2025-11-21 02:51:13+00:00,3261.0
openwebbeans-meecrowave,Java,58,29,738.0,2016-10-18 20:44:32+00:00,2025-10-08 14:40:58+00:00,3276.0
qpid-proton-j,Java,35,60,3219.0,2012-03-20 20:27:43+00:00,2024-02-13 11:22:40+00:00,4346.0
accumulo-testing,Java,16,40,323.0,2016-12-21 20:22:55+00:00,2025-10-22 16:03:21+00:00,3226.0
rocketmq-site,JavaScript,61,252,1033.0,2016-12-21 02:22:42+00:00,2025-08-01 09:54:07+00:00,3145.0
incubator-eagle,,1,0,0.0,,,
polygene-website,,1,1,1.0,2016-12-31 11:03:40+00:00,2016-12-31 11:03:40+00:00,0.0
cayenne-modeler,Java,11,5,143.0,2016-03-30 20:16:27+00:00,2025-05-02 12:48:59+00:00,3319.0
geode-examples,Java,72,77,194.0,2016-12-30 19:05:56+00:00,2023-01-20 03:42:22+00:00,2211.0
incubator-weex,C++,13681,1796,12026.0,2016-03-11 10:18:12+00:00,2021-05-31 09:00:47+00:00,1906.0
incubator-pagespeed-debian,C++,2,5,9.0,2017-01-09 17:28:43+00:00,2023-04-21 06:58:40+00:00,2292.0
logging-log4j-boot,Java,2,2,19.0,2017-01-10 03:35:54+00:00,2017-02-09 04:54:29+00:00,30.0
incubator-ariatosca-website,JavaScript,1,5,57.0,2017-06-06 15:21:18+00:00,2018-07-15 22:49:59+00:00,404.0
flagon,Jupyter Notebook,27,16,280.0,2017-01-12 14:46:04+00:00,2025-07-28 16:11:32+00:00,3119.0
royale-tourjs,,2,3,1.0,2017-01-12 14:27:12+00:00,2017-01-12 14:27:12+00:00,0.0
logging-parent,FreeMarker,2,8,959.0,2017-01-17 06:08:12+00:00,2025-09-12 13:11:27+00:00,3160.0
jspwiki-asf-docs,,1,4,53.0,2017-01-12 23:05:43+00:00,2025-10-03 18:28:18+00:00,3185.0
incubator-weex-site,SCSS,87,355,715.0,2017-03-10 08:55:41+00:00,2021-05-27 12:55:56+00:00,1539.0
ratis,Java,1420,441,1891.0,2016-04-04 09:34:30+00:00,2025-11-20 19:24:00+00:00,3517.0
openwhisk-slackinvite,HTML,11,13,17.0,2017-01-22 03:43:37+00:00,2021-05-03 15:32:12+00:00,1562.0
activemq-cli-tools,Java,10,10,48.0,2017-02-03 22:00:51+00:00,2024-04-04 13:38:39+00:00,2616.0
servicemix-features,,0,2,1089.0,2008-01-02 12:39:41+00:00,2017-02-08 20:12:56+00:00,3325.0
geode-native,C++,42,51,1501.0,2016-04-22 00:53:18+00:00,2022-10-03 12:52:42+00:00,2355.0
openwhisk-playground,JavaScript,5,5,3.0,2017-02-01 21:47:04+00:00,2017-07-12 19:34:52+00:00,160.0
ofbiz-framework,Java,963,612,29467.0,2006-07-01 19:05:20+00:00,2025-11-20 09:33:30+00:00,7081.0
nifi-registry,Java,110,97,372.0,2017-03-16 18:23:18+00:00,2021-07-15 19:48:17+00:00,1582.0
openwhisk-GitHubSlackBot,JavaScript,5,5,6.0,2017-02-17 20:53:13+00:00,2017-03-16 13:20:27+00:00,26.0
qpid-jms-amqp-0-x,Java,11,7,7631.0,2006-09-19 22:06:50+00:00,2021-01-18 16:19:08+00:00,5234.0
geode-site,JavaScript,5,16,221.0,2016-02-09 06:29:20+00:00,2025-09-29 20:38:12+00:00,3520.0
griffin,Scala,1176,591,651.0,2017-02-23 05:18:02+00:00,2024-07-03 09:15:13+00:00,2687.0
freemarker-online-tester,Java,82,46,79.0,2017-02-27 13:07:33+00:00,2024-12-24 10:45:25+00:00,2856.0
skywalking-ui,JavaScript,275,161,519.0,2017-03-02 03:57:15+00:00,2019-04-25 06:15:33+00:00,784.0
activemq-nms-amqp,C#,57,33,223.0,2013-12-12 22:26:08+00:00,2025-08-21 19:52:58+00:00,4269.0
ofbiz-plugins,Java,164,188,4594.0,2006-11-18 10:32:43+00:00,2025-11-19 16:58:01+00:00,6941.0
activemq-nms-api,C#,32,30,562.0,2006-03-06 15:49:26+00:00,2025-06-21 09:37:07+00:00,7046.0
activemq-nms-ems,C#,1,5,172.0,2007-10-29 18:47:14+00:00,2017-03-13 13:38:59+00:00,3422.0
activemq-nms-openwire,C#,15,36,809.0,2007-10-29 18:47:00+00:00,2025-11-17 12:17:27+00:00,6593.0
activemq-nms-msmq,C#,3,4,175.0,2007-10-29 18:47:30+00:00,2017-03-13 13:39:39+00:00,3422.0
activemq-nms-openwire-generator,Java,2,3,32.0,2009-07-27 22:29:55+00:00,2017-03-13 13:41:36+00:00,2785.0
activemq-nms-stomp,C#,7,6,234.0,2009-09-28 14:24:40+00:00,2017-03-13 14:06:26+00:00,2722.0
activemq-nms-xms,C#,2,3,4.0,2016-01-06 01:54:30+00:00,2017-03-13 13:43:35+00:00,432.0
griffin-site,CSS,1,11,155.0,2017-03-10 08:28:44+00:00,2025-11-20 16:41:18+00:00,3177.0
incubator-milagro-crypto-c,C,37,15,176.0,2018-02-12 09:07:45+00:00,2024-03-21 14:21:11+00:00,2229.0
activemq-nms-zmq,C#,0,3,21.0,2011-07-08 18:55:17+00:00,2017-03-13 13:44:01+00:00,2074.0
rocketmq-externals,Java,4614,3051,1006.0,2017-01-06 12:00:35+00:00,2024-12-09 09:00:27+00:00,2893.0
datasketches-memory,Java,127,36,1097.0,2017-03-16 20:51:54+00:00,2025-04-19 04:35:51+00:00,2955.0
struts-extras,Java,7,7,66.0,2017-03-17 16:57:10+00:00,2022-04-23 08:40:36+00:00,1862.0
jspwiki-site,FreeMarker,4,7,160.0,2017-03-25 13:25:54+00:00,2025-11-13 21:31:24+00:00,3155.0
infrastructure-test,,2,5,226.0,2017-03-20 07:45:02+00:00,2025-08-02 09:46:56+00:00,3057.0
calcite-avatica,Java,266,239,2870.0,2012-04-20 03:40:33+00:00,2025-09-29 23:02:20+00:00,4910.0
openwhisk-cli,Go,105,98,556.0,2016-01-11 05:51:55+00:00,2024-09-24 14:23:10+00:00,3179.0
couchdb-pkg,Shell,31,32,234.0,2017-04-05 16:16:32+00:00,2025-11-12 20:05:40+00:00,3143.0
cordova-node-xcode,JavaScript,206,98,404.0,2012-01-25 22:23:05+00:00,2024-07-02 12:35:44+00:00,4541.0
logging-log4cxx,C++,295,130,2705.0,2003-06-09 09:02:28+00:00,2025-11-10 04:04:03+00:00,8189.0
cordova-test-platform,JavaScript,5,10,41.0,2017-03-29 00:06:33+00:00,2022-07-22 04:18:40+00:00,1941.0
metron-bro-plugin-kafka,Shell,60,37,48.0,2016-04-13 14:47:54+00:00,2020-09-22 16:46:41+00:00,1623.0
aries-jpa,Java,11,20,217.0,2015-06-16 12:47:00+00:00,2025-06-18 19:15:34+00:00,3655.0
groovy-user-site,Groovy,1,3,2.0,2017-04-25 22:23:07+00:00,2017-04-25 23:05:33+00:00,0.0
qpid-broker-j,Java,66,53,9288.0,2006-09-19 22:06:50+00:00,2025-10-10 07:49:28+00:00,6960.0
groovy-dev-site,HTML,4,6,704.0,2018-10-30 06:19:37+00:00,2025-11-18 01:37:36+00:00,2575.0
incubator-carbondata-site,,1,0,0.0,,,
logging-log4net,C#,915,341,1629.0,2004-01-23 11:42:52+00:00,2025-11-15 10:38:49+00:00,7966.0
incubator-carbondata,,4,0,0.0,,,
teaclave-sgx-sdk,Rust,1212,268,693.0,2017-04-27 05:43:59+00:00,2025-09-03 14:40:38+00:00,3051.0
openmeetings-site,HTML,3,11,183.0,2015-12-13 05:54:37+00:00,2025-09-14 01:43:19+00:00,3562.0
openwhisk-deploy-kube,Shell,306,232,458.0,2017-05-17 19:23:32+00:00,2024-09-24 14:22:35+00:00,2686.0
servicecomb-java-chassis,Java,1938,829,4634.0,2017-05-18 10:23:32+00:00,2025-11-14 06:37:23+00:00,3101.0
openwhisk-utilities,Python,6,13,81.0,2017-05-17 19:09:43+00:00,2024-09-24 14:45:44+00:00,2686.0
servicecomb-service-center,Go,1346,343,1551.0,2017-05-18 09:53:58+00:00,2024-08-13 09:19:59+00:00,2643.0
httpcomponents-website,CSS,8,27,305.0,2013-06-28 15:05:23+00:00,2025-10-26 10:58:54+00:00,4502.0
httpcomponents-parent,,6,10,214.0,2011-09-12 14:54:08+00:00,2025-05-23 03:39:56+00:00,5001.0
aries-containers,Java,2,4,52.0,2017-05-23 14:18:53+00:00,2017-09-27 07:46:28+00:00,126.0
openwhisk-selfserve-test,HTML,1,3,216.0,2016-06-29 21:44:07+00:00,2017-06-26 14:42:17+00:00,361.0
httpcomponents-stylecheck,Java,3,3,28.0,2013-06-07 14:01:08+00:00,2024-09-19 16:59:55+00:00,4122.0
cayenne-website,HTML,5,7,246.0,2017-05-29 01:20:57+00:00,2025-11-19 13:19:12+00:00,3096.0
logging-chainsaw,Java,21,11,1359.0,2000-12-14 02:19:26+00:00,2023-12-29 22:06:23+00:00,8415.0
mesos-site,HTML,5,8,275.0,2014-01-20 23:10:00+00:00,2017-06-13 20:26:51+00:00,1239.0
tomee-site-ng,JavaScript,0,1,26.0,2016-12-04 11:01:40+00:00,2018-07-24 15:03:38+00:00,597.0
groovy-release,Groovy,2,4,54.0,2017-06-16 11:46:44+00:00,2025-05-27 10:01:51+00:00,2901.0
sling-site,Smarty,19,95,1978.0,2017-06-13 15:41:10+00:00,2025-11-21 14:47:00+00:00,3082.0
hbase-thirdparty,Java,18,53,316.0,2017-06-21 00:05:24+00:00,2025-11-05 01:58:44+00:00,3059.0
arrow-dist,Shell,4,15,60.0,2017-07-25 01:43:47+00:00,2018-07-02 05:02:00+00:00,342.0
mxnet-test,C++,9,5,5655.0,2015-04-30 16:21:15+00:00,2017-08-06 06:52:13+00:00,828.0
flink-shaded,Shell,138,127,187.0,2017-06-22 07:17:35+00:00,2025-10-15 08:03:59+00:00,3037.0
cassandra-dtest,Python,55,135,5616.0,2011-09-29 14:16:25+00:00,2025-11-20 16:11:48+00:00,5166.0
incubator-livy,Scala,933,617,534.0,2015-11-17 07:27:04+00:00,2025-11-14 01:41:09+00:00,3649.0
incubator-mynewt-documentation,,1,0,0.0,,,
incubator-livy-website,HTML,13,15,66.0,2015-11-08 10:50:14+00:00,2024-01-15 19:02:12+00:00,2990.0
tomee-site-generator,Java,10,35,412.0,2017-07-04 16:32:47+00:00,2025-09-20 07:21:37+00:00,2999.0
superset-site,HTML,8,16,874.0,2017-06-27 20:08:29+00:00,2025-11-20 18:40:07+00:00,3067.0
mxnet-site,HTML,22,21,288.0,2017-08-06 19:54:43+00:00,2025-04-24 07:10:09+00:00,2817.0
opennlp-corpus,,1,0,0.0,,,
servicecomb-pack,Java,1917,431,1684.0,2017-07-18 08:27:38+00:00,2024-09-10 09:05:55+00:00,2611.0
geronimo-config,Java,16,14,114.0,2017-04-21 22:13:31+00:00,2022-02-24 11:00:30+00:00,1769.0
qpid-site,HTML,1,6,633.0,2016-04-28 16:35:08+00:00,2025-10-10 07:13:44+00:00,3451.0
gobblin-site,HTML,1,3,61.0,2017-07-21 06:20:25+00:00,2023-09-13 04:46:49+00:00,2244.0
atlas-website,HTML,4,2,1.0,2015-07-10 02:13:46+00:00,2015-07-10 02:13:46+00:00,0.0
atlas,Java,2029,899,4024.0,2014-11-20 07:08:27+00:00,2025-11-21 09:59:23+00:00,4019.0
qpid-interop-test,Python,3,9,235.0,2015-06-11 14:47:50+00:00,2024-01-29 16:23:35+00:00,3154.0
incubator-streams-examples,,1,0,0.0,,,
incubator-streams-master,,1,0,0.0,,,
metamodel-membrane,Java,16,18,49.0,2017-07-23 03:56:23+00:00,2019-06-04 19:39:52+00:00,681.0
incubator-streams,,1,0,0.0,,,
dubbo-docs,,75,66,107.0,2015-06-09 06:43:04+00:00,2020-10-29 13:26:33+00:00,1969.0
openwhisk-deploy-mesos,Python,8,7,2.0,2017-08-04 12:30:04+00:00,2018-04-10 15:12:59+00:00,249.0
accumulo-fluo-yarn,Shell,5,13,31.0,2017-08-04 15:49:55+00:00,2025-11-18 00:23:46+00:00,3027.0
seatunnel,Java,8903,2103,5188.0,2017-08-05 14:30:14+00:00,2025-11-21 08:30:45+00:00,3029.0
accumulo-fluo-bytes,,4,6,9.0,2017-08-09 18:50:23+00:00,2024-11-25 22:06:52+00:00,2665.0
calcite-avatica-go,Go,123,37,275.0,2016-05-16 00:51:50+00:00,2025-08-14 16:02:34+00:00,3377.0
storm-site,HTML,4,11,255.0,2017-08-07 10:35:09+00:00,2025-11-02 17:40:00+00:00,3009.0
directory-ldap-api,Java,38,43,6468.0,2006-01-13 18:00:28+00:00,2025-11-20 05:58:40+00:00,7250.0
myfaces-tobago,Java,29,30,13781.0,2004-04-22 10:10:28+00:00,2025-11-21 11:21:12+00:00,7883.0
doris,Java,14618,3610,28569.0,2017-08-11 09:51:21+00:00,2025-11-21 16:11:35+00:00,3024.0
myfaces-trinidad,Java,5,10,4730.0,2006-04-14 05:58:45+00:00,2021-02-11 17:08:26+00:00,5417.0
commons-parent,JavaScript,34,32,2579.0,2006-10-11 19:12:26+00:00,2025-11-19 12:01:06+00:00,6978.0
netbeans-html4j,Java,29,20,466.0,2017-09-03 12:47:24+00:00,2025-06-25 05:26:10+00:00,2851.0
daffodil,Scala,104,73,4338.0,2011-07-29 03:54:39+00:00,2025-10-16 17:52:32+00:00,5193.0
geronimo-website,HTML,2,2,9.0,2017-09-06 00:46:52+00:00,2025-04-30 05:26:31+00:00,2793.0
hadoop-downstream-tests,,1,0,0.0,,,
netbeans-jackpot30,Java,5,6,37.0,2017-09-03 17:07:51+00:00,2025-06-28 09:29:51+00:00,2854.0
netbeans,Java,2970,914,11703.0,2017-09-11 13:32:02+00:00,2025-11-19 19:24:53+00:00,2991.0
logging-log4j-audit-sample,Java,12,12,78.0,2017-09-03 02:01:31+00:00,2025-11-11 11:08:05+00:00,2991.0
airavata-django-portal,Python,36,48,2186.0,2017-02-17 15:18:42+00:00,2025-08-18 16:55:42+00:00,3104.0
geronimo-safeguard,Java,6,7,54.0,2017-09-06 02:27:04+00:00,2020-05-01 16:39:55+00:00,968.0
accumulo-fluo-docker,Dockerfile,4,6,15.0,2017-09-07 20:22:31+00:00,2020-10-09 18:57:55+00:00,1127.0
brpc,C++,17374,4073,3481.0,2017-07-19 05:52:52+00:00,2025-11-20 13:41:20+00:00,3046.0
mynewt-nffs,C,35,13,36.0,2017-09-05 18:03:47+00:00,2024-07-30 06:58:48+00:00,2519.0
jackrabbit-filevault-package-maven-plugin,Java,7,18,447.0,2017-09-12 11:52:53+00:00,2025-05-06 16:29:01+00:00,2793.0
shardingsphere-example,Java,986,732,1437.0,2017-09-19 10:30:34+00:00,2020-08-11 06:13:18+00:00,1056.0
myfaces-trinidad-maven,Java,2,3,379.0,2006-05-07 19:10:26+00:00,2024-10-03 18:52:42+00:00,6723.0
shardingsphere-doc,HTML,170,198,14050.0,2017-09-19 11:13:16+00:00,2025-11-21 15:39:15+00:00,2985.0
incubator-retired-amaterasu-site,CSS,0,1,3.0,2017-09-21 11:46:05+00:00,2017-09-21 12:32:52+00:00,0.0
netbeans-tools,PHP,18,24,292.0,2017-09-06 20:36:39+00:00,2025-03-17 13:25:05+00:00,2748.0
openwhisk-runtime-java,Java,46,59,833.0,2016-02-19 22:47:33+00:00,2024-09-24 13:11:35+00:00,3139.0
datasketches-vector,Java,15,4,96.0,2017-09-23 06:37:44+00:00,2025-03-30 20:44:23+00:00,2745.0
incubator-weex-ui,Vue,4746,898,1376.0,2017-09-28 03:54:55+00:00,2021-05-27 12:59:54+00:00,1337.0
flex-asjs,,2,0,0.0,,,
flex-falcon,,1,0,0.0,,,
flex-tourjs,,1,0,0.0,,,
royale-website,JavaScript,5,8,66.0,2017-09-27 22:16:30+00:00,2025-10-21 16:20:32+00:00,2945.0
incubator-retired-amaterasu,Kotlin,56,24,811.0,2015-10-18 22:39:25+00:00,2019-10-18 10:23:21+00:00,1460.0
flex-typedefs,,1,0,0.0,,,
openwhisk-runtime-php,Scala,40,30,851.0,2016-02-19 22:47:33+00:00,2024-09-24 14:25:57+00:00,3139.0
openwhisk-runtime-swift,Swift,27,23,855.0,2016-02-19 22:47:33+00:00,2024-09-24 14:26:12+00:00,3139.0
openwhisk-runtime-nodejs,JavaScript,64,71,938.0,2016-02-19 22:47:33+00:00,2024-12-14 21:28:19+00:00,3220.0
royale-docs,HTML,8,16,1121.0,2017-10-03 20:42:06+00:00,2025-10-07 17:05:29+00:00,2925.0
openwhisk-runtime-python,Scala,53,70,885.0,2016-02-19 22:47:33+00:00,2024-09-27 15:04:08+00:00,3142.0
celix-site,JavaScript,12,12,114.0,2018-12-29 12:51:12+00:00,2025-01-28 20:32:14+00:00,2222.0
openwhisk-runtime-docker,Python,25,42,827.0,2016-02-19 22:47:33+00:00,2024-09-24 14:21:47+00:00,3139.0
pdfbox-jbig2,Java,28,15,135.0,2017-10-16 18:04:58+00:00,2025-11-12 08:55:44+00:00,2948.0
vcl,Perl,13,19,2671.0,2008-11-21 19:09:24+00:00,2025-01-28 19:09:43+00:00,5912.0
sling-org-apache-sling-api,Java,15,22,724.0,2009-02-22 13:41:45+00:00,2025-10-27 17:24:14+00:00,6091.0
sling-org-apache-sling-auth-core,Java,2,20,336.0,2010-08-15 12:28:54+00:00,2025-08-21 06:19:41+00:00,5484.0
sling-org-apache-sling-commons-classloader,Java,3,3,170.0,2009-07-14 11:36:14+00:00,2025-08-06 12:20:02+00:00,5867.0
sling-org-apache-sling-auth-form,Java,4,7,162.0,2010-08-15 12:28:54+00:00,2025-10-22 20:30:54+00:00,5547.0
sling-org-apache-sling-commons-compiler,Java,0,4,69.0,2014-05-13 05:48:03+00:00,2025-08-06 12:20:02+00:00,4103.0
sling-org-apache-sling-commons-contentdetection,Java,0,3,76.0,2015-05-27 14:14:03+00:00,2025-08-22 23:44:48+00:00,3740.0
sling-org-apache-sling-commons-fsclassloader,Java,0,4,77.0,2015-05-12 15:48:23+00:00,2025-11-04 22:07:48+00:00,3829.0
sling-org-apache-sling-commons-log,Java,2,10,308.0,2009-02-22 13:42:19+00:00,2025-11-14 00:48:58+00:00,6108.0
sling-org-apache-sling-commons-logservice,Java,0,4,70.0,2011-10-02 13:32:34+00:00,2025-08-06 12:20:02+00:00,5056.0
sling-org-apache-sling-commons-log-webconsole,Java,1,2,57.0,2016-10-12 17:02:00+00:00,2025-10-22 20:43:42+00:00,3297.0
sling-org-apache-sling-commons-metrics,Java,1,5,103.0,2016-01-07 04:20:39+00:00,2025-08-28 18:13:18+00:00,3521.0
sling-org-apache-sling-commons-metrics-rrd4j,Java,0,6,44.0,2017-08-18 08:47:34+00:00,2025-08-06 12:20:02+00:00,2910.0
sling-org-apache-sling-commons-mime,Java,0,5,152.0,2009-02-22 13:42:19+00:00,2025-11-04 22:05:19+00:00,6099.0
sling-org-apache-sling-commons-johnzon,Java,0,6,65.0,2017-03-23 14:27:49+00:00,2025-10-08 11:33:56+00:00,3120.0
sling-org-apache-sling-commons-messaging,Java,1,3,66.0,2016-04-07 09:17:29+00:00,2025-08-06 12:20:02+00:00,3408.0
sling-org-apache-sling-commons-osgi,Java,0,4,138.0,2009-02-22 13:42:19+00:00,2025-08-28 02:05:19+00:00,6030.0
sling-org-apache-sling-commons-messaging-mail,Java,1,6,154.0,2016-04-07 09:18:07+00:00,2025-08-06 12:20:02+00:00,3408.0
sling-org-apache-sling-commons-scheduler,Java,2,8,245.0,2009-02-22 13:42:19+00:00,2025-08-06 12:20:02+00:00,6008.0
sling-org-apache-sling-commons-threads,Java,6,8,174.0,2009-02-22 13:42:19+00:00,2025-08-06 12:20:02+00:00,6008.0
sling-org-apache-sling-commons-threaddump,Java,2,4,34.0,2014-03-23 14:27:19+00:00,2025-08-06 12:20:02+00:00,4153.0
sling-org-apache-sling-engine,Java,13,18,650.0,2009-02-22 13:44:33+00:00,2025-08-06 12:20:02+00:00,6008.0
sling-org-apache-sling-adapter,Java,1,3,159.0,2009-02-22 13:53:06+00:00,2025-08-06 12:20:02+00:00,6008.0
sling-org-apache-sling-bundleresource-impl,Java,0,4,139.0,2009-02-22 13:53:06+00:00,2025-11-04 22:10:03+00:00,6099.0
sling-org-apache-sling-caconfig-impl,Java,0,7,146.0,2016-12-22 09:52:16+00:00,2025-07-12 01:38:42+00:00,3123.0
sling-org-apache-sling-caconfig-api,Java,2,6,58.0,2016-12-22 09:52:16+00:00,2025-08-06 12:20:02+00:00,3149.0
sling-org-apache-sling-caconfig-integration-tests,Java,0,3,46.0,2016-12-22 09:52:16+00:00,2025-08-06 12:20:02+00:00,3149.0
sling-org-apache-sling-caconfig-spi,Java,0,3,57.0,2016-12-22 09:52:16+00:00,2025-07-12 01:39:09+00:00,3123.0
sling-org-apache-sling-event-dea,Java,0,2,62.0,2014-08-26 08:24:57+00:00,2025-08-06 12:20:02+00:00,3998.0
sling-org-apache-sling-discovery-api,Java,0,4,67.0,2013-05-05 10:35:09+00:00,2025-08-06 12:20:02+00:00,4476.0
sling-org-apache-sling-discovery-base,Java,1,6,140.0,2015-10-20 14:12:31+00:00,2025-08-06 12:20:02+00:00,3577.0
sling-org-apache-sling-discovery-commons,Java,0,6,146.0,2015-04-29 08:30:03+00:00,2025-08-06 12:20:02+00:00,3752.0
sling-org-apache-sling-discovery-impl,Java,0,3,369.0,2013-05-05 10:35:09+00:00,2025-08-06 12:20:02+00:00,4476.0
sling-org-apache-sling-discovery-oak,Java,0,6,188.0,2015-10-21 15:50:37+00:00,2025-08-12 10:52:20+00:00,3582.0
sling-org-apache-sling-discovery-standalone,Java,0,2,48.0,2013-05-14 07:47:45+00:00,2025-08-12 11:00:55+00:00,4473.0
sling-org-apache-sling-discovery-support,Java,0,5,62.0,2013-05-14 08:09:45+00:00,2025-08-06 12:20:02+00:00,4467.0
sling-org-apache-sling-event-api,Java,0,7,50.0,2017-03-29 07:57:17+00:00,2025-10-14 14:34:37+00:00,3121.0
sling-org-apache-sling-event,Java,6,26,201.0,2017-03-29 07:57:17+00:00,2025-10-14 14:56:07+00:00,3121.0
sling-org-apache-sling-featureflags,Java,2,5,56.0,2014-01-30 09:48:41+00:00,2025-08-06 12:20:02+00:00,4206.0
sling-org-apache-sling-fragment-activation,,0,3,49.0,2011-08-24 14:28:12+00:00,2025-08-06 12:20:02+00:00,5095.0
sling-org-apache-sling-fragment-transaction,,0,3,50.0,2011-06-23 14:45:05+00:00,2025-08-06 12:20:02+00:00,5157.0
sling-org-apache-sling-fragment-ws,,0,3,48.0,2011-11-12 20:36:05+00:00,2025-08-06 12:20:02+00:00,5015.0
sling-org-apache-sling-fragment-xml,,0,3,58.0,2011-06-23 14:45:05+00:00,2025-08-06 12:20:02+00:00,5157.0
sling-org-apache-sling-fsresource,Java,4,3,249.0,2009-02-22 15:20:05+00:00,2025-08-06 12:20:02+00:00,6008.0
sling-org-apache-sling-hc-annotations,,0,3,44.0,2014-07-30 19:51:03+00:00,2025-08-06 12:20:02+00:00,4024.0
sling-org-apache-sling-hc-api,,0,4,36.0,2017-04-10 17:13:25+00:00,2025-08-06 12:20:02+00:00,3039.0
sling-org-apache-sling-hc-core,,1,3,160.0,2013-09-26 13:17:13+00:00,2025-08-06 12:20:02+00:00,4331.0
sling-org-apache-sling-hc-it,,2,3,70.0,2013-09-26 13:17:13+00:00,2025-08-06 12:20:02+00:00,4331.0
sling-org-apache-sling-hc-junit-bridge,,0,3,41.0,2014-07-18 12:33:52+00:00,2025-08-06 12:20:02+00:00,4036.0
sling-org-apache-sling-hc-samples,,2,3,64.0,2013-09-26 13:17:13+00:00,2025-08-06 12:20:02+00:00,4331.0
sling-org-apache-sling-hc-support,Java,0,4,66.0,2013-09-26 13:17:13+00:00,2025-08-06 12:20:02+00:00,4331.0
sling-org-apache-sling-hc-webconsole,,0,3,66.0,2013-09-26 13:17:13+00:00,2025-08-06 12:20:02+00:00,4331.0
sling-org-apache-sling-i18n,Java,8,11,181.0,2009-02-22 13:53:06+00:00,2025-08-20 22:13:35+00:00,6023.0
sling-org-apache-sling-models-api,Java,2,7,148.0,2014-01-22 17:36:40+00:00,2025-08-21 21:05:20+00:00,4229.0
sling-org-apache-sling-javax-activation,Java,1,7,55.0,2013-04-23 10:41:40+00:00,2025-08-06 12:20:02+00:00,4488.0
sling-org-apache-sling-models-impl,Java,19,30,403.0,2014-01-22 17:36:40+00:00,2025-08-27 03:14:05+00:00,4234.0
sling-org-apache-sling-models-jacksonexporter,Java,1,5,85.0,2016-10-28 15:02:13+00:00,2025-08-06 12:20:02+00:00,3203.0
sling-org-apache-sling-models-integration-tests,Java,0,5,115.0,2014-01-22 17:36:40+00:00,2025-08-06 12:20:02+00:00,4213.0
sling-org-apache-sling-models-validation-impl,Java,0,3,72.0,2015-06-01 16:24:13+00:00,2025-08-06 12:20:02+00:00,3718.0
sling-org-apache-sling-resource-presence,Java,1,3,78.0,2017-03-01 12:55:45+00:00,2025-08-06 12:20:02+00:00,3079.0
sling-org-apache-sling-resourcebuilder,Java,1,3,56.0,2016-01-06 13:59:59+00:00,2025-08-06 12:20:02+00:00,3499.0
sling-org-apache-sling-repoinit-parser,Java,4,12,235.0,2016-05-19 12:50:58+00:00,2025-08-06 12:20:02+00:00,3365.0
sling-org-apache-sling-serviceusermapper,Java,1,5,156.0,2013-08-05 10:08:50+00:00,2025-08-06 12:20:02+00:00,4384.0
sling-org-apache-sling-servlet-helpers,Java,1,7,122.0,2016-01-13 23:07:09+00:00,2025-08-21 02:49:19+00:00,3507.0
sling-org-apache-sling-settings,Java,5,5,152.0,2010-08-13 09:22:23+00:00,2025-11-04 05:36:13+00:00,5561.0
sling-org-apache-sling-validation-examples,Java,0,4,45.0,2015-04-10 13:22:08+00:00,2025-08-06 12:20:02+00:00,3770.0
sling-org-apache-sling-validation-api,Java,0,2,99.0,2015-04-10 13:22:08+00:00,2025-08-06 12:20:02+00:00,3770.0
sling-org-apache-sling-validation-core,Java,0,4,156.0,2015-04-10 13:22:08+00:00,2025-08-06 12:20:02+00:00,3770.0
sling-org-apache-sling-validation-test-services,Java,0,3,65.0,2015-04-10 13:22:08+00:00,2025-08-06 12:20:02+00:00,3770.0
sling-org-apache-sling-extensions-webconsolesecurityprovider,Java,0,5,92.0,2010-08-20 07:56:13+00:00,2025-08-06 12:20:02+00:00,5465.0
sling-org-apache-sling-extensions-webconsolebranding,,1,4,65.0,2009-12-11 12:29:17+00:00,2025-08-06 12:20:02+00:00,5716.0
sling-org-apache-sling-jcr-api,Java,1,4,107.0,2009-02-22 13:43:19+00:00,2025-08-06 12:20:02+00:00,6008.0
sling-org-apache-sling-xss,Java,11,20,266.0,2015-05-12 15:45:29+00:00,2025-09-22 09:43:33+00:00,3785.0
sling-org-apache-sling-jcr-base,Java,0,7,283.0,2009-02-22 13:43:19+00:00,2025-08-06 12:20:02+00:00,6008.0
sling-org-apache-sling-jcr-classloader,Java,1,4,150.0,2009-02-22 13:43:19+00:00,2025-08-06 12:20:02+00:00,6008.0
sling-org-apache-sling-jcr-contentloader,Java,0,9,355.0,2009-02-22 13:43:19+00:00,2025-08-06 12:20:02+00:00,6008.0
sling-org-apache-sling-jcr-davex,Java,1,5,129.0,2010-03-15 20:12:49+00:00,2025-08-06 12:20:02+00:00,5622.0
sling-org-apache-sling-jcr-contentparser,,0,5,69.0,2017-03-14 10:41:47+00:00,2025-08-06 12:20:02+00:00,3067.0
sling-org-apache-sling-jcr-repository-it-resource-versioning,Java,0,3,30.0,2015-02-09 16:00:52+00:00,2025-08-06 12:20:02+00:00,3830.0
sling-org-apache-sling-jcr-jackrabbit-base,Java,0,4,28.0,2012-10-23 09:40:15+00:00,2025-08-06 12:20:02+00:00,4670.0
sling-org-apache-sling-jcr-jackrabbit-accessmanager,Java,2,6,197.0,2009-03-18 14:56:31+00:00,2025-08-20 22:41:29+00:00,5999.0
sling-org-apache-sling-jcr-jackrabbit-usermanager,Java,1,7,251.0,2009-02-27 09:19:41+00:00,2025-08-20 23:23:45+00:00,6018.0
sling-org-apache-sling-jcr-jcr-wrapper,,0,3,37.0,2012-10-24 09:51:15+00:00,2025-08-06 12:20:02+00:00,4669.0
sling-org-apache-sling-jcr-oak-server,Java,1,5,244.0,2013-10-18 12:57:06+00:00,2025-08-06 12:20:02+00:00,4309.0
sling-org-apache-sling-jcr-repoinit,Java,3,12,341.0,2016-07-11 14:34:14+00:00,2025-09-05 21:40:52+00:00,3343.0
sling-org-apache-sling-jcr-registration,Java,0,5,64.0,2012-05-02 12:22:48+00:00,2025-08-06 12:20:02+00:00,4843.0
sling-org-apache-sling-jcr-resource,Java,5,13,770.0,2009-02-22 13:43:19+00:00,2025-09-26 07:04:22+00:00,6059.0
sling-org-apache-sling-jcr-webconsole,Java,0,1,78.0,2009-12-31 19:18:53+00:00,2025-08-06 12:20:02+00:00,5696.0
sling-org-apache-sling-jcr-webdav,Java,1,5,141.0,2009-02-22 13:43:19+00:00,2025-08-06 12:20:02+00:00,6008.0
sling-org-apache-sling-resourceaccesssecurity,Java,1,2,63.0,2014-03-16 19:17:41+00:00,2025-08-06 12:20:02+00:00,4160.0
sling-org-apache-sling-resourceaccesssecurity-it,Java,0,2,45.0,2014-03-16 19:17:41+00:00,2025-08-06 12:20:02+00:00,4160.0
sling-org-apache-sling-scripting-api,Java,0,3,131.0,2009-02-22 13:45:12+00:00,2025-08-06 12:20:02+00:00,6008.0
sling-org-apache-sling-resourceresolver,Java,6,28,955.0,2012-06-14 09:24:43+00:00,2025-11-11 11:27:44+00:00,4898.0
sling-org-apache-sling-scripting-core,Java,1,7,532.0,2009-02-22 13:45:12+00:00,2025-08-06 12:20:02+00:00,6008.0
sling-org-apache-sling-scripting-el-api,,0,4,33.0,2017-03-16 21:00:43+00:00,2025-08-06 12:20:02+00:00,3064.0
sling-org-apache-sling-scripting-javascript,Java,0,5,198.0,2009-02-22 13:45:12+00:00,2025-08-06 12:20:02+00:00,6008.0
sling-org-apache-sling-scripting-jsp-jstl,,0,3,41.0,2012-06-08 01:50:32+00:00,2025-08-06 12:20:02+00:00,4807.0
sling-org-apache-sling-scripting-jsp-api,,1,3,29.0,2017-03-16 21:00:16+00:00,2025-08-06 12:20:02+00:00,3064.0
sling-org-apache-sling-scripting-jsp,Java,0,8,310.0,2009-02-22 13:45:12+00:00,2025-08-06 12:20:02+00:00,6008.0
sling-org-apache-sling-scripting-jsp-taglib,Java,0,4,175.0,2009-02-22 13:45:12+00:00,2025-08-06 12:20:02+00:00,6008.0
sling-org-apache-sling-scripting-sightly-compiler,Java,3,10,145.0,2016-06-16 16:07:57+00:00,2025-08-06 12:20:02+00:00,3337.0
sling-org-apache-sling-scripting-sightly,Java,14,12,345.0,2015-05-12 15:39:47+00:00,2025-09-05 22:01:15+00:00,3769.0
sling-org-apache-sling-scripting-sightly-compiler-java,Java,0,4,124.0,2016-06-16 16:07:57+00:00,2025-08-06 12:20:02+00:00,3337.0
sling-org-apache-sling-scripting-sightly-models-provider,,1,5,66.0,2015-05-12 15:39:47+00:00,2025-08-06 12:20:02+00:00,3738.0
sling-org-apache-sling-scripting-sightly-js-provider,Java,0,3,148.0,2015-05-12 15:39:47+00:00,2025-08-06 12:20:02+00:00,3738.0
sling-org-apache-sling-scripting-sightly-repl,JavaScript,0,5,62.0,2015-05-12 15:39:47+00:00,2025-08-06 12:20:02+00:00,3738.0
sling-org-apache-sling-scripting-sightly-testing-content,HTML,1,6,134.0,2015-05-12 15:39:47+00:00,2025-08-06 12:20:02+00:00,3738.0
sling-org-apache-sling-servlets-get,Java,5,10,288.0,2009-02-22 13:42:49+00:00,2025-08-06 12:20:02+00:00,6008.0
sling-org-apache-sling-servlets-post,Java,10,17,378.0,2009-02-22 13:42:49+00:00,2025-09-24 15:54:07+00:00,6058.0
sling-org-apache-sling-servlets-resolver,Java,7,15,680.0,2009-02-22 13:42:49+00:00,2025-11-14 11:50:48+00:00,6108.0
sling-org-apache-sling-auth-xing-api,Java,1,4,37.0,2014-07-04 15:43:38+00:00,2025-08-06 12:20:02+00:00,4050.0
sling-org-apache-sling-auth-xing-login,Java,0,4,41.0,2014-07-04 15:43:38+00:00,2025-08-06 12:20:02+00:00,4050.0
sling-org-apache-sling-auth-xing-oauth,Java,0,4,42.0,2014-07-04 15:43:38+00:00,2025-08-06 12:20:02+00:00,4050.0
sling-org-apache-sling-jms,Java,3,6,35.0,2016-07-27 12:10:12+00:00,2025-08-06 12:20:02+00:00,3297.0
sling-org-apache-sling-commons-html,Java,0,4,91.0,2009-08-18 07:57:23+00:00,2025-08-06 12:20:02+00:00,5832.0
sling-org-apache-sling-mom,Java,1,4,34.0,2016-07-27 12:10:12+00:00,2025-08-06 12:20:02+00:00,3297.0
sling-org-apache-sling-jobs-it,Java,0,3,32.0,2016-10-03 16:05:02+00:00,2025-08-06 12:20:02+00:00,3228.0
sling-org-apache-sling-jobs,Java,4,6,37.0,2016-10-03 16:05:02+00:00,2025-08-06 12:20:02+00:00,3228.0
sling-org-apache-sling-jobs-it-services,Java,0,3,28.0,2016-10-03 16:05:02+00:00,2025-08-06 12:20:02+00:00,3228.0
sling-org-apache-sling-crankstart-launcher,,1,3,109.0,2014-04-22 11:51:14+00:00,2025-08-06 12:20:02+00:00,4124.0
sling-org-apache-sling-crankstart-test-model,,0,3,25.0,2015-06-15 13:03:29+00:00,2025-08-06 12:20:02+00:00,3704.0
sling-org-apache-sling-crankstart-test-services,,0,3,37.0,2014-05-02 08:13:56+00:00,2025-08-06 12:20:02+00:00,4114.0
sling-org-apache-sling-resource-editor,,2,4,67.0,2014-10-17 12:17:38+00:00,2025-08-06 12:20:02+00:00,3946.0
sling-org-apache-sling-commons-cache-api,,0,4,29.0,2012-11-09 05:22:15+00:00,2025-08-06 12:20:02+00:00,4653.0
sling-org-apache-sling-commons-cache-container-test,,0,4,28.0,2012-11-09 05:22:15+00:00,2025-08-06 12:20:02+00:00,4653.0
sling-org-apache-sling-commons-cache-ehcache,,0,4,30.0,2012-11-09 05:22:15+00:00,2025-08-06 12:20:02+00:00,4653.0
sling-org-apache-sling-commons-cache-impl,,1,4,28.0,2012-11-09 05:22:15+00:00,2025-08-06 12:20:02+00:00,4653.0
sling-org-apache-sling-commons-cache-portal,,0,3,28.0,2012-11-09 05:22:15+00:00,2025-08-06 12:20:02+00:00,4653.0
sling-org-apache-sling-cassandra,,1,3,31.0,2013-12-23 15:06:29+00:00,2025-08-06 12:20:02+00:00,4243.0
sling-org-apache-sling-datasource,Java,2,3,60.0,2014-05-20 10:28:07+00:00,2025-08-06 12:20:02+00:00,4096.0
sling-org-apache-sling-resourcecollection,Java,1,4,65.0,2013-05-06 07:30:46+00:00,2025-08-06 12:20:02+00:00,4475.0
sling-org-apache-sling-distribution-api,Java,0,8,120.0,2014-11-07 15:52:52+00:00,2025-07-18 10:57:37+00:00,3905.0
sling-org-apache-sling-distribution-avro-serializer,,0,3,31.0,2017-02-23 15:28:47+00:00,2025-08-06 12:20:02+00:00,3085.0
sling-org-apache-sling-distribution-core,Java,5,28,538.0,2014-11-07 10:28:02+00:00,2025-08-06 12:20:02+00:00,3925.0
sling-org-apache-sling-distribution-it,Java,0,4,116.0,2014-11-07 10:28:02+00:00,2025-08-06 12:20:02+00:00,3925.0
sling-org-apache-sling-distribution-kryo-serializer,,0,3,27.0,2017-02-23 15:28:47+00:00,2025-08-06 12:20:02+00:00,3085.0
sling-org-apache-sling-distribution-sample,Java,5,5,78.0,2014-11-07 10:28:02+00:00,2025-08-06 12:20:02+00:00,3925.0
sling-org-apache-sling-hapi-client,Java,1,4,50.0,2015-10-13 08:56:08+00:00,2025-08-06 12:20:02+00:00,3585.0
sling-org-apache-sling-hapi,Java,1,3,49.0,2015-08-24 14:53:16+00:00,2025-08-06 12:20:02+00:00,3634.0
sling-org-apache-sling-hapi-samplecontent,HTML,1,3,23.0,2015-08-24 14:53:16+00:00,2025-08-06 12:20:02+00:00,3634.0
sling-org-apache-sling-jmx-provider,Java,1,4,60.0,2013-08-09 15:20:23+00:00,2025-08-06 12:20:02+00:00,4379.0
sling-org-apache-sling-extensions-classloader-leak-detector,Java,2,3,36.0,2014-01-31 11:52:08+00:00,2025-08-06 12:20:02+00:00,4205.0
sling-org-apache-sling-extensions-logback-groovy-fragment,,0,3,25.0,2014-08-04 09:07:21+00:00,2025-08-06 12:20:02+00:00,4020.0
sling-org-apache-sling-tail,Java,1,4,25.0,2015-08-07 13:46:15+00:00,2025-08-06 12:20:02+00:00,3651.0
sling-org-apache-sling-oak-restrictions,Java,0,5,31.0,2016-09-27 20:25:42+00:00,2025-08-06 12:20:02+00:00,3234.0
sling-org-apache-sling-mongodb,,3,3,57.0,2012-08-01 17:53:47+00:00,2025-08-06 12:20:02+00:00,4752.0
sling-org-apache-sling-reqanalyzer,Java,3,6,38.0,2012-06-22 06:29:14+00:00,2025-08-06 12:20:02+00:00,4793.0
sling-org-apache-sling-resource-inventory,Java,0,4,54.0,2013-08-14 15:12:50+00:00,2025-08-06 12:20:02+00:00,4374.0
sling-org-apache-sling-resourcemerger,Java,1,9,178.0,2014-01-29 12:59:42+00:00,2025-08-06 12:20:02+00:00,4206.0
sling-org-apache-sling-rewriter,Java,7,11,215.0,2009-06-11 10:26:23+00:00,2025-08-06 12:20:02+00:00,5900.0
sling-org-apache-sling-security,Java,5,9,160.0,2011-07-14 13:42:34+00:00,2025-08-06 12:20:02+00:00,5136.0
sling-org-apache-sling-extensions-slf4j-mdc,Java,0,4,44.0,2013-09-09 12:28:01+00:00,2025-08-06 12:20:02+00:00,4348.0
sling-org-apache-sling-dynamic-include,Java,20,26,94.0,2016-04-04 11:35:14+00:00,2025-08-06 12:20:02+00:00,3411.0
sling-org-apache-sling-pipes,Java,8,21,299.0,2015-12-07 14:19:52+00:00,2025-08-06 12:20:02+00:00,3529.0
sling-org-apache-sling-query,Java,10,4,73.0,2014-07-25 12:45:33+00:00,2025-08-06 12:20:02+00:00,4029.0
sling-org-apache-sling-startupfilter-disabler,,1,3,34.0,2012-01-04 16:45:04+00:00,2025-08-06 12:20:02+00:00,4962.0
sling-org-apache-sling-startupfilter,,2,3,46.0,2011-12-30 16:55:12+00:00,2025-08-06 12:20:02+00:00,4967.0
sling-org-apache-sling-superimposing,Java,1,4,42.0,2014-09-29 16:20:05+00:00,2025-08-06 12:20:02+00:00,3963.0
sling-org-apache-sling-tenant,Java,1,3,83.0,2012-11-09 22:26:03+00:00,2025-08-06 12:20:02+00:00,4652.0
sling-org-apache-sling-tracer,Java,1,3,85.0,2015-05-22 09:29:32+00:00,2025-08-06 12:20:02+00:00,3729.0
sling-org-apache-sling-urlrewriter,Java,1,4,37.0,2014-06-02 20:45:28+00:00,2025-08-06 12:20:02+00:00,4082.0
sling-org-apache-sling-jcr-js-nodetypes,Java,0,3,25.0,2016-02-26 18:28:25+00:00,2025-08-06 12:20:02+00:00,3448.0
sling-org-apache-sling-jcr-resourcesecurity,Java,0,3,55.0,2013-12-16 04:49:51+00:00,2025-08-06 12:20:02+00:00,4251.0
sling-org-apache-sling-launchpad-contrib-testing,Java,0,3,139.0,2009-02-22 15:26:58+00:00,2025-08-06 12:20:02+00:00,6008.0
sling-launchpad-debian,Shell,0,3,35.0,2014-11-13 13:00:09+00:00,2025-08-06 12:20:02+00:00,3918.0
sling-org-apache-sling-nosql-couchbase-client,,0,5,45.0,2015-05-20 13:48:32+00:00,2025-08-06 12:20:02+00:00,3730.0
sling-org-apache-sling-nosql-couchbase-resourceprovider,,0,4,63.0,2015-05-20 14:11:43+00:00,2025-08-06 12:20:02+00:00,3730.0
sling-org-apache-sling-nosql-generic,,1,4,59.0,2015-05-20 12:53:50+00:00,2025-08-06 12:20:02+00:00,3730.0
sling-org-apache-sling-nosql-mongodb-resourceprovider,,2,5,48.0,2015-09-14 21:19:29+00:00,2025-08-06 12:20:02+00:00,3613.0
sling-org-apache-sling-fragment-nashorn,,0,3,20.0,2017-04-11 09:26:29+00:00,2025-08-06 12:20:02+00:00,3039.0
sling-org-apache-sling-nosql-launchpad,,0,4,39.0,2015-09-15 21:50:16+00:00,2025-08-06 12:20:02+00:00,3612.0
sling-org-apache-sling-scripting-freemarker,Java,3,3,201.0,2009-02-22 13:46:37+00:00,2025-08-06 12:20:02+00:00,6008.0
sling-org-apache-sling-scripting-groovy,Java,0,3,141.0,2014-09-02 14:18:42+00:00,2025-08-06 12:20:02+00:00,3990.0
sling-org-apache-sling-scripting-java,Java,0,3,157.0,2009-02-22 13:47:14+00:00,2025-08-06 12:20:02+00:00,6008.0
sling-org-apache-sling-scripting-console,,0,4,45.0,2012-05-04 13:44:53+00:00,2025-08-06 12:20:02+00:00,4841.0
sling-org-apache-sling-scripting-thymeleaf,Java,2,3,159.0,2016-01-09 11:39:11+00:00,2025-08-06 12:20:02+00:00,3497.0
sling-org-apache-sling-scripting-xproc,Java,1,3,67.0,2009-03-20 19:49:51+00:00,2025-08-06 12:20:02+00:00,5982.0
sling-org-apache-sling-installer-console,Java,0,3,67.0,2012-08-23 16:38:20+00:00,2025-08-06 12:20:02+00:00,4730.0
sling-org-apache-sling-installer-core,Java,4,9,410.0,2010-09-20 16:06:41+00:00,2025-08-06 12:20:02+00:00,5433.0
sling-org-apache-sling-installer-factory-deploymentpackage,Java,0,3,54.0,2011-01-18 08:03:00+00:00,2025-08-06 12:20:02+00:00,5314.0
sling-org-apache-sling-installer-factory-configuration,Java,2,7,182.0,2011-03-01 09:48:27+00:00,2025-08-06 12:20:02+00:00,5272.0
sling-org-apache-sling-installer-factory-model,Java,0,3,29.0,2016-11-11 06:09:36+00:00,2025-08-06 12:20:02+00:00,3190.0
sling-org-apache-sling-installer-factory-packages,Java,0,3,59.0,2016-10-07 08:40:29+00:00,2025-08-06 12:20:02+00:00,3225.0
sling-org-apache-sling-installer-factory-subsystems-base,Java,0,3,27.0,2015-11-05 17:09:31+00:00,2025-08-06 12:20:02+00:00,3561.0
sling-org-apache-sling-installer-factory-subsystems,,1,3,36.0,2014-08-06 16:20:32+00:00,2025-08-06 12:20:02+00:00,4017.0
sling-org-apache-sling-installer-hc,Java,1,3,65.0,2016-08-17 11:13:19+00:00,2025-08-06 12:20:02+00:00,3276.0
sling-org-apache-sling-installer-it,Java,1,6,171.0,2010-09-20 16:08:15+00:00,2025-08-06 12:20:02+00:00,5433.0
sling-org-apache-sling-installer-provider-file,Java,1,4,108.0,2010-09-20 16:11:15+00:00,2025-08-06 12:20:02+00:00,5433.0
sling-org-apache-sling-installer-provider-jcr,Java,3,9,184.0,2010-09-20 16:11:45+00:00,2025-08-06 12:20:02+00:00,5433.0
sling-org-apache-sling-karaf-configs,,4,4,124.0,2016-09-07 12:14:53+00:00,2025-08-06 12:20:02+00:00,3255.0
sling-org-apache-sling-karaf-distribution,,3,4,155.0,2016-07-24 14:39:33+00:00,2025-08-06 12:20:02+00:00,3299.0
sling-org-apache-sling-karaf-features,,4,7,345.0,2016-07-24 14:39:33+00:00,2025-08-06 12:20:02+00:00,3299.0
sling-org-apache-sling-karaf-integration-tests,Java,1,4,229.0,2016-07-24 14:39:33+00:00,2025-08-06 12:20:02+00:00,3299.0
sling-org-apache-sling-karaf-launchpad-oak-tar-integration-tests,Java,0,3,164.0,2016-07-24 14:39:33+00:00,2025-08-06 12:20:02+00:00,3299.0
sling-org-apache-sling-launchpad-api,Java,1,3,68.0,2010-12-20 16:15:25+00:00,2025-08-06 12:20:02+00:00,5342.0
sling-org-apache-sling-starter,Java,29,31,2115.0,2009-12-30 15:58:45+00:00,2025-11-21 09:21:40+00:00,5804.0
sling-org-apache-sling-starter-content,Java,2,7,200.0,2008-03-04 19:26:17+00:00,2025-09-09 15:15:47+00:00,6397.0
sling-org-apache-sling-launchpad-installer,Java,2,2,105.0,2010-12-20 16:15:25+00:00,2025-08-06 12:20:02+00:00,5342.0
sling-org-apache-sling-starter-startup,,0,4,47.0,2017-10-05 11:38:40+00:00,2025-08-06 12:20:02+00:00,2862.0
sling-org-apache-sling-launchpad-integration-tests,Java,6,7,539.0,2010-06-02 20:06:21+00:00,2025-10-22 18:23:38+00:00,5620.0
sling-org-apache-sling-launchpad-test-bundles,,0,3,106.0,2011-06-17 16:41:46+00:00,2025-08-06 12:20:02+00:00,5163.0
sling-org-apache-sling-launchpad-test-fragment,,0,3,48.0,2013-04-02 15:06:52+00:00,2025-08-06 12:20:02+00:00,4508.0
sling-org-apache-sling-launchpad-testing,,2,4,417.0,2008-07-30 09:20:47+00:00,2025-08-06 12:20:02+00:00,6216.0
sling-org-apache-sling-launchpad-test-services-war,,0,3,74.0,2009-11-25 12:35:21+00:00,2025-08-06 12:20:02+00:00,5732.0
sling-org-apache-sling-launchpad-test-services,Java,1,4,245.0,2009-04-15 15:00:12+00:00,2025-08-06 12:20:02+00:00,5956.0
sling-org-apache-sling-launchpad-testing-war,,0,3,149.0,2010-12-29 00:31:18+00:00,2025-08-06 12:20:02+00:00,5334.0
sling-parent,,4,9,635.0,2007-09-10 08:50:41+00:00,2025-10-21 16:11:09+00:00,6616.0
sling-org-apache-sling-testing-email,Java,0,4,27.0,2017-06-09 14:36:36+00:00,2025-08-06 12:20:02+00:00,2979.0
sling-org-apache-sling-testing-hamcrest,Java,1,5,55.0,2015-09-25 09:32:45+00:00,2025-08-06 12:20:02+00:00,3603.0
sling-org-apache-sling-testing-clients,Java,8,25,241.0,2016-04-29 14:03:32+00:00,2025-10-29 12:36:17+00:00,3469.0
sling-org-apache-sling-junit-core,Java,1,8,207.0,2011-02-10 14:36:17+00:00,2025-08-06 12:20:02+00:00,5290.0
sling-org-apache-sling-junit-healthcheck,Java,1,4,47.0,2013-09-24 21:22:21+00:00,2025-08-06 12:20:02+00:00,4333.0
sling-org-apache-sling-junit-performance,Java,0,3,32.0,2014-07-10 14:09:33+00:00,2025-08-06 12:20:02+00:00,4044.0
sling-org-apache-sling-testing-rules,Java,2,5,84.0,2016-04-29 14:04:50+00:00,2025-08-06 12:20:02+00:00,3385.0
sling-org-apache-sling-junit-remote,Java,0,3,98.0,2011-02-22 16:56:19+00:00,2025-08-06 12:20:02+00:00,5278.0
sling-org-apache-sling-junit-scriptable,Java,0,3,87.0,2011-02-10 14:36:17+00:00,2025-08-06 12:20:02+00:00,5290.0
sling-org-apache-sling-testing-caconfig-mock-plugin,Java,0,4,93.0,2016-12-22 09:52:16+00:00,2025-08-06 12:20:02+00:00,3149.0
sling-org-apache-sling-testing-resourceresolver-mock,Java,1,4,166.0,2014-10-13 14:32:45+00:00,2025-08-21 20:33:26+00:00,3965.0
sling-org-apache-sling-testing-osgi-mock,Java,1,14,392.0,2014-10-13 14:32:45+00:00,2025-11-13 01:15:33+00:00,4048.0
sling-org-apache-sling-testing-logging-mock,,0,3,41.0,2015-05-21 07:47:03+00:00,2025-08-06 12:20:02+00:00,3730.0
sling-org-apache-sling-testing-jcr-mock,Java,3,16,194.0,2014-10-13 14:32:45+00:00,2025-11-13 01:00:38+00:00,4048.0
sling-org-apache-sling-testing-sling-mock-oak,Java,3,7,199.0,2015-05-27 11:42:35+00:00,2025-10-09 12:28:25+00:00,3788.0
sling-org-apache-sling-testing-sling-mock,Java,4,12,640.0,2014-10-13 14:32:45+00:00,2025-11-18 08:44:45+00:00,4053.0
sling-org-apache-sling-testing-paxexam,Java,0,5,314.0,2016-06-23 14:22:20+00:00,2025-08-06 12:20:02+00:00,3330.0
sling-org-apache-sling-testing-serversetup,Java,2,3,48.0,2016-04-29 14:01:27+00:00,2025-08-06 12:20:02+00:00,3385.0
sling-org-apache-sling-paxexam-util,Java,0,4,47.0,2014-01-24 10:46:07+00:00,2025-08-06 12:20:02+00:00,4212.0
sling-org-apache-sling-caconfig-bnd-plugin,Java,1,4,36.0,2016-12-22 09:52:16+00:00,2025-08-06 12:20:02+00:00,3149.0
sling-org-apache-sling-bnd-models,Java,3,3,40.0,2016-11-03 15:48:00+00:00,2025-08-06 12:20:02+00:00,3197.0
sling-adapter-annotations,Java,1,7,35.0,2013-07-24 18:13:22+00:00,2025-08-06 12:20:02+00:00,4395.0
sling-jcrinstall-bundle-archetype,,0,3,51.0,2013-07-24 18:13:22+00:00,2025-08-06 12:20:02+00:00,4395.0
sling-apache-sling-jar-resource-bundle,,0,4,26.0,2013-07-24 18:13:22+00:00,2025-08-06 12:20:02+00:00,4395.0
sling-bundle-archetype,,1,3,51.0,2013-07-24 18:13:22+00:00,2025-08-06 12:20:02+00:00,4395.0
sling-initial-content-archetype,,1,3,46.0,2013-07-24 18:13:22+00:00,2025-08-06 12:20:02+00:00,4395.0
sling-launchpad-standalone-archetype,,0,3,38.0,2013-07-24 18:13:22+00:00,2025-08-06 12:20:02+00:00,4395.0
sling-launchpad-webapp-archetype,,0,3,36.0,2013-07-24 18:13:22+00:00,2025-08-06 12:20:02+00:00,4395.0
sling-archetype-parent,,1,3,66.0,2014-04-30 12:58:09+00:00,2025-08-06 12:20:02+00:00,4115.0
sling-servlet-archetype,,0,3,45.0,2013-07-24 18:13:22+00:00,2025-08-06 12:20:02+00:00,4395.0
sling-taglib-archetype,,1,3,32.0,2013-07-24 18:13:22+00:00,2025-08-06 12:20:02+00:00,4395.0
sling-htl-maven-plugin,Java,1,8,122.0,2016-09-05 09:38:13+00:00,2025-08-06 12:20:02+00:00,3257.0
sling-maven-jcrocm-plugin,,0,3,35.0,2013-07-24 18:13:22+00:00,2025-08-06 12:20:02+00:00,4395.0
sling-slingstart-archetype,,1,3,50.0,2015-10-15 19:39:16+00:00,2025-08-06 12:20:02+00:00,3582.0
sling-jspc-maven-plugin,Java,1,6,76.0,2013-07-24 18:13:22+00:00,2025-08-06 12:20:02+00:00,4395.0
sling-maven-plugin,Java,4,4,214.0,2013-07-24 18:13:22+00:00,2025-08-06 12:20:02+00:00,4395.0
sling-launchpad-comparator,Java,0,3,38.0,2015-10-13 20:46:25+00:00,2025-11-19 15:50:25+00:00,3689.0
sling-slingstart-maven-plugin,Java,1,5,300.0,2014-09-19 08:12:35+00:00,2025-08-06 12:20:02+00:00,3974.0
sling-maven-launchpad-plugin,Java,1,5,58.0,2013-07-24 18:13:22+00:00,2025-08-06 12:20:02+00:00,4395.0
sling-org-apache-sling-tooling-support-install,Java,1,3,49.0,2013-08-15 06:28:01+00:00,2025-08-06 12:20:02+00:00,4374.0
sling-org-apache-sling-provisioning-model,Java,0,3,123.0,2014-10-01 16:27:00+00:00,2025-08-06 12:20:02+00:00,3961.0
sling-ide-tooling,Java,3,6,901.0,2013-07-25 13:02:46+00:00,2025-10-14 13:51:28+00:00,4464.0
sling-org-apache-sling-tooling-support-source,Java,0,4,39.0,2016-02-17 13:39:21+00:00,2025-08-06 12:20:02+00:00,3457.0
sling-samples,Java,31,20,496.0,2008-04-04 13:32:12+00:00,2025-08-06 12:20:02+00:00,6332.0
sling-org-apache-sling-performance,Java,1,4,85.0,2012-08-27 20:13:21+00:00,2025-08-06 12:20:02+00:00,4726.0
sling-tooling-scm,Shell,0,3,42.0,2017-09-08 13:24:03+00:00,2025-08-06 12:20:02+00:00,2888.0
sling-tooling-jenkins,Groovy,1,4,405.0,2016-09-27 09:28:45+00:00,2025-09-05 08:34:59+00:00,3264.0
kibble-website,HTML,6,9,50.0,2017-10-19 10:23:44+00:00,2025-11-07 17:25:45+00:00,2941.0
directory-project,Shell,5,6,2843.0,2005-03-16 20:57:07+00:00,2025-11-10 08:02:38+00:00,7543.0
kibble-scanners,Python,16,11,180.0,2017-09-21 10:52:01+00:00,2024-11-22 08:16:12+00:00,2618.0
kibble-1,Python,59,27,668.0,2017-09-25 16:01:00+00:00,2024-11-22 08:14:09+00:00,2614.0
karaf-reactive-components,Java,2,3,53.0,2017-06-23 13:01:51+00:00,2017-10-25 07:12:51+00:00,123.0
directory-buildtools,Java,3,4,151.0,2010-05-30 09:52:10+00:00,2024-07-25 05:04:47+00:00,5169.0
dubbo-feature-test,Java,14,5,40.0,2017-09-11 04:30:23+00:00,2023-10-13 08:52:52+00:00,2223.0
sling-org-apache-sling-scripting-sightly-testing,Java,0,5,251.0,2015-05-12 15:39:47+00:00,2025-08-06 12:20:02+00:00,3738.0
sdap-doms,,1,0,0.0,,,
sling,Groovy,11,12,168.0,2017-10-25 20:32:12+00:00,2025-11-17 13:41:21+00:00,2944.0
accumulo-docker,Dockerfile,17,26,26.0,2017-10-30 16:15:46+00:00,2023-09-22 19:54:32+00:00,2153.0
sdap-edge,Python,5,8,15.0,2017-10-27 22:41:26+00:00,2019-12-02 23:40:12+00:00,766.0
sdap-mudrod,Java,12,14,78.0,2017-10-27 22:34:34+00:00,2019-08-07 16:41:49+00:00,648.0
sdap-nexus,Python,23,35,330.0,2017-10-27 22:39:29+00:00,2025-11-11 23:34:46+00:00,2937.0
sdap-website,HTML,3,7,77.0,2017-11-01 21:15:45+00:00,2025-03-31 17:09:34+00:00,2706.0
shardingsphere-elasticjob-example,Java,200,178,7.0,2017-10-27 08:34:50+00:00,2020-06-10 04:59:09+00:00,956.0
maven-dist-tool,,9,10,533.0,2013-05-29 08:23:27+00:00,2025-11-17 16:23:56+00:00,4555.0
shardingsphere-elasticjob-doc,HTML,59,63,12.0,2017-10-27 09:06:24+00:00,2020-06-10 05:00:37+00:00,956.0
sling-whiteboard,Java,45,30,1886.0,2017-11-03 14:06:50+00:00,2025-08-28 16:29:22+00:00,2855.0
openwhisk-package-deploy,Scala,7,11,22.0,2017-10-12 20:54:15+00:00,2021-03-11 03:03:14+00:00,1245.0
maven-apache-parent,,38,28,735.0,2006-08-23 02:11:58+00:00,2025-11-15 10:54:49+00:00,7024.0
maven-parent,,33,28,1193.0,2006-08-23 02:12:21+00:00,2025-11-19 05:23:12+00:00,7028.0
maven-default-skin,CSS,2,5,97.0,2005-12-23 06:34:42+00:00,2025-07-21 18:52:31+00:00,7150.0
maven-doxia-converter,Java,2,7,236.0,2008-03-04 00:16:16+00:00,2025-11-17 05:28:20+00:00,6467.0
maven-fluido-skin,Groovy,17,20,567.0,2011-11-16 16:11:23+00:00,2025-09-12 10:41:51+00:00,5048.0
maven-doxia-linkcheck,HTML,2,6,117.0,2008-02-05 12:50:03+00:00,2025-09-16 17:42:48+00:00,6433.0
commons-testing,Java,9,5,64.0,2017-11-06 06:01:10+00:00,2025-07-06 14:19:12+00:00,2799.0
sling-org-apache-sling-launchpad-base,Java,2,8,467.0,2008-04-25 06:48:10+00:00,2025-08-06 12:20:02+00:00,6312.0
openwhisk-release,Shell,12,27,288.0,2017-11-09 16:13:39+00:00,2024-10-01 13:36:59+00:00,2517.0
incubator-retired-edgent-samples,Java,15,10,216.0,2016-02-15 20:11:19+00:00,2018-02-14 21:20:03+00:00,730.0
pdfbox-testfiles,,2,1,2.0,2017-12-03 13:59:45+00:00,2017-12-03 18:26:05+00:00,0.0
nifi-container,,8,6,2.0,2017-11-20 18:08:30+00:00,2017-11-21 17:52:48+00:00,0.0
sling-org-apache-sling-junit-teleporter,Java,0,7,128.0,2015-09-22 07:52:50+00:00,2025-08-06 12:20:02+00:00,3606.0
sling-org-apache-sling-commons-testing,Java,0,4,189.0,2009-02-22 13:42:19+00:00,2025-08-06 12:20:02+00:00,6008.0
directory-mavibot,Java,16,7,581.0,2012-06-13 00:04:55+00:00,2021-05-15 10:39:21+00:00,3258.0
maven-resolver-ant-tasks,Java,10,17,239.0,2011-10-26 08:19:19+00:00,2025-11-18 07:47:16+00:00,5136.0
sling-tooling-release,Shell,0,5,51.0,2014-10-07 09:52:41+00:00,2025-09-22 10:12:22+00:00,4003.0
incubator-mnemonic,,1,0,0.0,,,
maven-jenkins-env,Groovy,5,4,148.0,2017-11-26 22:05:05+00:00,2025-03-16 12:00:18+00:00,2666.0
maven-jenkins-lib,Groovy,9,11,206.0,2017-11-26 22:06:36+00:00,2025-11-13 22:09:20+00:00,2909.0
incubator-crail,Java,150,46,437.0,2016-09-18 19:14:49+00:00,2022-07-03 17:15:30+00:00,2113.0
daffodil-site,HTML,4,14,297.0,2017-12-04 13:11:47+00:00,2025-11-19 16:32:15+00:00,2907.0
mynewt-nimble,C,829,461,5453.0,2015-10-08 00:55:17+00:00,2025-11-17 11:01:59+00:00,3693.0
servicecomb-website,HTML,488,88,1285.0,2017-06-08 14:43:25+00:00,2025-06-25 07:27:23+00:00,2938.0
mynewt-mcumgr,C,116,82,332.0,2017-12-08 00:55:48+00:00,2025-09-18 07:07:35+00:00,2841.0
maven-archiver,Java,9,26,456.0,2006-06-13 15:27:55+00:00,2025-11-10 19:17:08+00:00,7090.0
maven-artifact-resolver,Java,3,5,71.0,2009-08-27 16:00:44+00:00,2019-05-13 17:06:03+00:00,3546.0
maven-artifact-transfer,Java,6,23,311.0,2015-03-08 11:21:55+00:00,2025-07-23 17:07:40+00:00,3790.0
maven-dependency-tree,Java,27,32,301.0,2006-11-20 21:21:43+00:00,2025-11-04 02:05:51+00:00,6923.0
maven-dependency-analyzer,Java,41,51,394.0,2007-03-16 02:09:07+00:00,2025-10-27 06:09:29+00:00,6800.0
maven-downloader,Java,1,3,54.0,2006-11-16 22:18:14+00:00,2019-06-14 07:44:02+00:00,4592.0
maven-filtering,Java,8,33,448.0,2008-08-03 11:49:25+00:00,2025-11-10 17:36:53+00:00,6308.0
maven-invoker,Java,21,24,329.0,2006-05-31 14:35:13+00:00,2025-10-21 05:24:58+00:00,7082.0
maven-mapping,Java,2,8,88.0,2013-08-09 10:20:58+00:00,2025-11-16 00:07:12+00:00,4481.0
maven-jarsigner,Java,5,7,159.0,2011-10-28 13:43:28+00:00,2025-11-10 00:05:12+00:00,5126.0
maven-osgi,Java,2,3,50.0,2007-07-10 16:03:03+00:00,2019-08-27 19:37:32+00:00,4431.0
maven-reporting-api,Java,6,5,134.0,2009-03-28 19:02:09+00:00,2025-08-31 12:05:42+00:00,5999.0
maven-project-utils,Java,1,25,97.0,2013-03-24 13:11:24+00:00,2025-07-23 17:08:00+00:00,4504.0
maven-reporting-exec,Java,5,7,274.0,2011-04-15 19:09:46+00:00,2025-11-03 00:12:24+00:00,5315.0
maven-reporting-impl,Java,5,10,323.0,2006-10-21 02:14:35+00:00,2025-11-16 01:13:18+00:00,6965.0
maven-repository-builder-retired,Java,3,4,78.0,2006-12-16 16:06:40+00:00,2019-08-11 14:53:27+00:00,4620.0
maven-script-interpreter,Java,11,7,209.0,2011-10-29 16:33:52+00:00,2025-11-16 01:23:22+00:00,5131.0
maven-shared-incremental,Java,2,10,80.0,2012-09-21 12:34:05+00:00,2025-08-29 03:31:24+00:00,4724.0
maven-shared-io,Java,3,10,154.0,2005-12-18 04:53:37+00:00,2025-11-16 00:19:32+00:00,7272.0
maven-shared-jar,Java,3,9,158.0,2007-07-04 09:03:00+00:00,2025-11-18 05:01:26+00:00,6711.0
maven-shared-utils,Java,30,28,575.0,2012-08-28 10:33:56+00:00,2025-11-07 19:03:52+00:00,4819.0
maven-verifier,Java,5,19,329.0,2006-10-18 21:52:52+00:00,2025-11-11 05:03:11+00:00,6963.0
maven-shared-resources,Shell,7,9,88.0,2011-05-01 09:43:49+00:00,2025-08-29 02:50:53+00:00,5233.0
maven-common-artifact-filters,Java,5,17,242.0,2006-12-16 16:06:27+00:00,2025-11-15 11:12:52+00:00,6908.0
maven-site-plugin,Java,48,49,1604.0,2005-04-12 05:58:10+00:00,2025-11-18 05:01:50+00:00,7524.0
activemq-web,HTML,1,9,1.0,2017-12-13 18:11:46+00:00,2017-12-13 18:11:46+00:00,0.0
maven-pdf-plugin,Java,9,13,392.0,2009-03-12 09:42:08+00:00,2025-03-11 07:15:04+00:00,5842.0
incubator-crail-website,HTML,3,6,934.0,2016-12-07 13:17:57+00:00,2022-07-03 17:16:19+00:00,2034.0
fineract-cn-fims-e2e,JavaScript,4,77,106.0,2017-08-14 15:34:04+00:00,2018-04-11 17:58:30+00:00,240.0
fineract-cn-fims-web-app,TypeScript,14,136,477.0,2017-03-29 10:39:42+00:00,2023-01-05 08:55:48+00:00,2107.0
fineract-cn-portfolio,Java,8,121,333.0,2017-03-17 15:44:33+00:00,2023-01-05 09:02:51+00:00,2119.0
fineract-cn-deposit-account-management,Java,10,117,107.0,2017-05-25 10:45:24+00:00,2023-01-05 09:02:35+00:00,2050.0
fineract-cn-accounting,Java,30,135,192.0,2017-03-16 13:30:12+00:00,2023-01-05 08:55:36+00:00,2120.0
fineract-cn-customer,Java,11,131,130.0,2017-03-16 11:56:11+00:00,2023-01-05 09:01:17+00:00,2120.0
fineract-cn-demo-server,Java,24,152,148.0,2017-04-08 07:46:59+00:00,2023-01-05 08:55:05+00:00,2098.0
fineract-cn-teller,Java,3,112,142.0,2017-06-07 05:53:42+00:00,2023-01-05 09:03:09+00:00,2038.0
fineract-cn-cheques,Java,3,105,50.0,2017-08-21 14:06:55+00:00,2023-01-05 09:04:06+00:00,1962.0
fineract-cn-payroll,Java,10,114,64.0,2017-03-15 07:06:19+00:00,2022-06-02 16:46:45+00:00,1905.0
fineract-cn-reporting,Java,6,108,61.0,2017-06-30 12:01:50+00:00,2023-01-05 09:03:29+00:00,2014.0
fineract-cn-office,Java,7,118,67.0,2017-03-15 14:33:27+00:00,2023-01-05 09:00:58+00:00,2121.0
fineract-cn-rhythm,Java,2,108,119.0,2017-04-04 21:54:27+00:00,2023-01-05 09:00:29+00:00,2101.0
fineract-cn-provisioner,Java,8,129,106.0,2017-03-15 16:52:55+00:00,2023-01-05 08:56:45+00:00,2121.0
fineract-cn-permitted-feign-client,Java,2,102,37.0,2017-05-03 21:56:33+00:00,2023-01-05 09:05:22+00:00,2072.0
fineract-cn-mariadb,Java,7,101,37.0,2017-03-14 09:42:19+00:00,2019-08-25 17:13:26+00:00,894.0
fineract-cn-api,Java,4,111,40.0,2017-03-13 17:37:19+00:00,2023-01-05 09:05:58+00:00,2123.0
fineract-cn-lang,Java,5,110,82.0,2017-03-13 17:15:07+00:00,2023-01-05 09:08:05+00:00,2123.0
fineract-cn-identity,Java,7,131,144.0,2017-03-15 13:57:31+00:00,2023-02-09 07:27:35+00:00,2156.0
fineract-cn-integration-tests,,2,0,0.0,,,
fineract-cn-default-setup,Java,3,103,34.0,2017-08-04 15:35:26+00:00,2023-01-05 08:58:18+00:00,1979.0
fineract-cn-anubis,Java,3,110,93.0,2017-03-14 12:37:40+00:00,2023-01-05 09:05:03+00:00,2122.0
fineract-cn-template,Java,8,104,45.0,2017-03-15 07:06:19+00:00,2019-10-16 20:03:04+00:00,945.0
fineract-cn-test,Java,3,102,65.0,2017-03-14 10:54:15+00:00,2023-01-05 09:05:39+00:00,2122.0
fineract-cn-cassandra,Java,3,104,27.0,2017-03-14 09:01:59+00:00,2023-01-05 09:07:15+00:00,2123.0
fineract-cn-async,Java,2,104,35.0,2017-03-14 08:51:12+00:00,2023-01-05 09:07:32+00:00,2123.0
fineract-cn-command,Java,3,107,34.0,2017-03-14 10:39:16+00:00,2023-01-05 09:06:19+00:00,2122.0
fineract-cn-service-starter,Java,2,101,48.0,2017-03-15 17:40:35+00:00,2023-01-05 08:57:48+00:00,2121.0
fineract-cn-crypto,Java,2,101,24.0,2017-03-15 15:49:50+00:00,2023-01-05 09:07:48+00:00,2121.0
maven-runtime,Java,1,6,117.0,2008-04-25 09:42:12+00:00,2019-05-19 15:07:24+00:00,4041.0
fineract-cn-data-jpa,Java,2,100,23.0,2017-03-30 14:21:38+00:00,2023-01-05 09:06:54+00:00,2106.0
fineract-cn-group,Java,4,109,57.0,2017-03-16 13:48:55+00:00,2023-01-05 09:01:37+00:00,2120.0
maven-file-management,Java,9,11,199.0,2006-02-14 21:33:03+00:00,2025-11-10 02:07:17+00:00,7208.0
maven-acr-plugin,Java,3,6,190.0,2011-03-21 06:10:23+00:00,2025-11-10 12:07:11+00:00,5348.0
maven-ant-plugin,Java,3,6,234.0,2005-05-12 15:30:59+00:00,2019-06-07 13:38:09+00:00,5138.0
maven-antrun-plugin,Java,29,20,464.0,2005-08-10 13:38:21+00:00,2025-10-26 13:35:21+00:00,7381.0
maven-assembly-plugin,Java,105,73,1402.0,2005-04-06 06:20:06+00:00,2025-11-17 05:28:10+00:00,7529.0
maven-changelog-plugin,Java,27,13,289.0,2006-07-28 22:47:49+00:00,2025-08-14 05:39:16+00:00,6956.0
maven-checkstyle-plugin,Java,84,65,831.0,2005-07-21 02:20:27+00:00,2025-11-17 05:21:13+00:00,7424.0
maven-changes-plugin,Java,12,23,821.0,2006-07-28 23:32:54+00:00,2025-11-18 07:47:24+00:00,7052.0
maven-clean-plugin,Java,87,56,454.0,2004-04-20 14:06:57+00:00,2025-10-26 17:34:37+00:00,7859.0
maven-compiler-plugin,Java,229,181,1004.0,2004-03-15 19:32:20+00:00,2025-11-20 15:24:02+00:00,7919.0
maven-dependency-plugin,Java,164,186,1451.0,2006-04-10 00:42:11+00:00,2025-11-07 22:00:51+00:00,7151.0
maven-deploy-plugin,Java,68,75,542.0,2005-02-18 14:32:27+00:00,2025-11-11 12:14:37+00:00,7570.0
maven-doap-plugin,Java,4,7,282.0,2006-07-18 14:53:23+00:00,2025-11-10 16:12:33+00:00,7055.0
maven-ear-plugin,Java,11,25,701.0,2005-07-04 14:09:46+00:00,2025-11-10 10:01:06+00:00,7433.0
maven-docck-plugin,Java,6,3,145.0,2006-07-23 20:16:48+00:00,2023-10-26 16:38:23+00:00,6303.0
maven-ejb-plugin,Java,8,12,404.0,2005-03-10 17:14:39+00:00,2025-11-16 13:25:49+00:00,7555.0
maven-gpg-plugin,Java,28,28,385.0,2006-12-05 03:50:02+00:00,2025-11-10 04:07:42+00:00,6915.0
maven-help-plugin,Java,26,39,477.0,2005-10-27 15:35:56+00:00,2025-11-10 20:08:12+00:00,7319.0
maven-install-plugin,Java,34,43,498.0,2004-06-20 15:56:57+00:00,2025-11-11 08:47:32+00:00,7813.0
maven-jar-plugin,Java,81,82,609.0,2004-03-15 19:32:20+00:00,2025-11-11 08:41:53+00:00,7910.0
maven-invoker-plugin,Java,20,31,946.0,2006-12-04 04:25:45+00:00,2025-11-11 13:02:21+00:00,6917.0
maven-jarsigner-plugin,Java,21,19,203.0,2009-07-17 08:17:11+00:00,2025-11-15 23:34:31+00:00,5965.0
maven-javadoc-plugin,Java,97,103,1533.0,2005-07-21 02:20:27+00:00,2025-11-10 03:02:37+00:00,7417.0
maven-jdeps-plugin,Java,13,17,118.0,2015-02-04 21:58:01+00:00,2025-11-17 20:08:09+00:00,3938.0
maven-jlink-plugin,Java,59,36,339.0,2016-10-02 18:16:07+00:00,2025-11-15 08:23:33+00:00,3330.0
maven-jdeprscan-plugin,Java,7,9,67.0,2017-10-14 09:57:50+00:00,2025-11-10 00:35:54+00:00,2948.0
maven-jmod-plugin,Java,12,10,114.0,2016-10-09 12:02:05+00:00,2025-11-16 10:15:22+00:00,3324.0
maven-linkcheck-plugin,Java,3,8,165.0,2008-02-05 12:50:03+00:00,2025-09-16 17:51:13+00:00,6433.0
maven-patch-plugin,Java,8,8,156.0,2007-07-12 15:26:30+00:00,2024-12-14 13:11:54+00:00,6364.0
maven-pmd-plugin,Java,55,51,968.0,2005-07-21 02:20:27+00:00,2025-11-16 00:21:03+00:00,7422.0
maven-project-info-reports-plugin,Java,25,42,1105.0,2005-07-21 02:20:27+00:00,2025-11-18 12:45:20+00:00,7425.0
maven-rar-plugin,Java,8,9,286.0,2005-09-25 08:32:41+00:00,2025-11-11 19:45:55+00:00,7352.0
maven-remote-resources-plugin,Java,14,17,432.0,2006-11-19 20:20:57+00:00,2025-11-18 05:00:26+00:00,6938.0
maven-resources-plugin,Java,58,34,557.0,2004-03-15 19:32:20+00:00,2025-11-18 08:19:24+00:00,7917.0
maven-repository-plugin,Java,1,7,193.0,2005-03-17 15:02:46+00:00,2019-05-02 17:54:55+00:00,5159.0
maven-scm-publish-plugin,Java,16,17,271.0,2012-08-30 21:25:41+00:00,2025-11-18 05:01:05+00:00,4827.0
maven-shade-plugin,Java,177,98,749.0,2007-07-06 16:03:52+00:00,2025-11-16 01:18:37+00:00,6707.0
maven-scripting-plugin,Java,14,10,56.0,2016-11-20 13:08:33+00:00,2025-08-29 03:09:02+00:00,3203.0
maven-source-plugin,Java,32,35,399.0,2005-05-12 15:59:36+00:00,2025-11-16 00:30:28+00:00,7492.0
maven-stage-plugin,Java,7,8,160.0,2007-04-01 00:31:51+00:00,2025-11-16 10:06:32+00:00,6804.0
maven-toolchains-plugin,Java,20,30,223.0,2007-09-18 07:34:36+00:00,2025-08-29 02:15:36+00:00,6554.0
netbeans-website-cleanup,HTML,5,5,1.0,2017-12-18 13:04:30+00:00,2017-12-18 13:04:30+00:00,0.0
maven-war-plugin,Java,43,96,813.0,2005-03-03 09:04:36+00:00,2025-11-17 19:56:03+00:00,7564.0
kyuubi,Scala,2272,973,4387.0,2017-12-18 09:05:10+00:00,2025-11-20 12:41:26+00:00,2894.0
shardingsphere-elasticjob-cloud,Java,243,147,47.0,2017-10-27 08:34:50+00:00,2020-07-15 02:21:30+00:00,991.0
plc4x,Java,1499,462,9634.0,2017-10-16 11:09:26+00:00,2025-11-21 13:12:09+00:00,2958.0
maven-sources,,116,93,98.0,2017-11-01 11:56:59+00:00,2025-11-14 18:08:39+00:00,2935.0
maven-doxia-ide,Java,0,3,77.0,2008-04-07 13:14:12+00:00,2017-12-29 22:35:14+00:00,3553.0
maven-archetypes,Java,35,44,393.0,2004-12-29 06:20:51+00:00,2025-10-26 14:05:46+00:00,7606.0
maven-verifier-plugin,Java,14,8,190.0,2005-05-02 09:17:30+00:00,2025-08-14 05:38:35+00:00,7408.0
commons-statistics,Java,60,28,1054.0,2018-01-03 01:57:38+00:00,2025-11-21 14:44:38+00:00,2879.0
maven-doxia-site,CSS,2,5,187.0,2012-12-10 13:13:16+00:00,2025-10-21 04:01:19+00:00,4697.0
aries-tx-control,Java,2,7,125.0,2016-02-15 18:29:30+00:00,2019-02-21 14:52:08+00:00,1101.0
turbine-core,Java,9,6,2175.0,2001-08-16 05:06:53+00:00,2025-09-17 13:29:41+00:00,8798.0
datasketches-characterization,Jupyter Notebook,12,8,575.0,2018-01-09 21:16:30+00:00,2025-11-20 13:36:52+00:00,2871.0
commons-release-plugin,Java,14,11,1231.0,2017-12-23 01:45:31+00:00,2025-11-21 14:44:02+00:00,2890.0
sdap-nexusproto,Python,2,9,38.0,2017-10-19 17:43:58+00:00,2025-03-24 17:41:35+00:00,2712.0
sdap-ningester,Java,3,5,53.0,2017-10-13 00:38:47+00:00,2020-03-19 22:36:48+00:00,888.0
sdap-ningesterpy,Python,1,7,29.0,2017-12-27 22:29:08+00:00,2020-03-19 21:34:21+00:00,812.0
dubbo-admin,Go,4038,2167,682.0,2018-01-11 05:30:18+00:00,2025-11-16 12:19:01+00:00,2866.0
sling-org-apache-sling-serviceuser-webconsole,Java,0,3,40.0,2018-01-12 19:47:28+00:00,2025-11-10 21:18:20+00:00,2859.0
mynewt-mcumgr-cli,Go,70,42,13.0,2018-01-15 00:38:11+00:00,2022-06-10 14:05:43+00:00,1607.0
commons-testrepo,,1,0,0.0,,,
skywalking-website,CSS,100,146,1140.0,2017-12-21 14:13:32+00:00,2025-11-19 08:37:50+00:00,2889.0
dubbo-spring-boot-project,Java,5405,1869,288.0,2018-01-18 12:10:50+00:00,2023-01-25 00:11:56+00:00,1832.0
incubator-odftoolkit-site,HTML,1,2,233.0,2011-08-22 23:48:04+00:00,2017-09-22 15:01:07+00:00,2222.0
sling-org-apache-sling-starter-docker,Dockerfile,5,9,27.0,2018-01-26 22:04:17+00:00,2025-08-06 12:20:02+00:00,2748.0
sling-org-apache-sling-repoinit-it,,0,3,56.0,2016-05-19 12:50:58+00:00,2025-08-06 12:20:02+00:00,3365.0
maven-studies,,13,6,6.0,2018-02-11 10:04:05+00:00,2025-08-16 11:24:02+00:00,2743.0
datafusion-sqlparser-rs,Rust,3242,670,1783.0,2018-02-06 23:58:43+00:00,2025-11-19 14:19:39+00:00,2842.0
camel-website,JavaScript,71,188,2697.0,2018-02-11 07:40:59+00:00,2025-11-12 13:43:54+00:00,2831.0
cordova,,685,70,51.0,2018-02-21 21:23:00+00:00,2025-10-30 07:19:34+00:00,2807.0
ignite-release,Shell,1,7,20.0,2018-02-15 11:43:47+00:00,2022-01-14 11:08:13+00:00,1428.0
skywalking-data-collect-protocol,Starlark,116,109,174.0,2018-02-23 03:30:48+00:00,2025-10-20 14:18:37+00:00,2796.0
tomcat-training,JavaScript,18,16,73.0,2018-02-16 09:47:07+00:00,2025-04-01 14:18:22+00:00,2601.0
couchdb-erlang-bcrypt,C,1,1,101.0,2008-11-03 14:33:03+00:00,2017-09-28 12:53:31+00:00,3250.0
fineract-cn-mobile,Java,41,156,276.0,2017-03-14 11:52:14+00:00,2023-01-05 08:52:43+00:00,2122.0
tajo-site,,1,0,0.0,,,
incubator-nemo,Java,111,64,645.0,2016-10-31 05:11:29+00:00,2025-07-01 16:26:40+00:00,3165.0
incubator-nemo-website,HTML,5,5,99.0,2016-10-31 05:11:29+00:00,2025-06-29 12:36:19+00:00,3163.0
openwhisk-runtime-go,Go,45,48,145.0,2018-03-08 14:40:11+00:00,2025-08-05 05:28:30+00:00,2706.0
sling-org-apache-sling-scripting-esx,JavaScript,0,4,27.0,2017-03-24 15:09:46+00:00,2025-08-06 12:20:02+00:00,3056.0
geronimo-jcache-simple,Java,1,5,34.0,2018-03-20 13:53:23+00:00,2021-05-22 17:55:44+00:00,1159.0
nifi-fds,HTML,46,26,85.0,2018-03-22 19:11:46+00:00,2022-01-31 14:25:27+00:00,1410.0
manifoldcf-integration-elasticsearch,Java,1,2,40.0,2013-03-07 01:14:46+00:00,2017-03-01 14:00:46+00:00,1455.0
manifoldcf-integration-elasticsearch-1.5,Java,1,1,20.0,2015-06-29 21:30:40+00:00,2017-09-03 09:12:50+00:00,796.0
manifoldcf-integration-elasticsearch-2.0,Java,1,1,28.0,2015-06-29 21:30:40+00:00,2017-09-03 09:11:13+00:00,796.0
manifoldcf-integration-elasticsearch-5.5,Java,1,2,32.0,2015-06-29 21:30:40+00:00,2018-08-14 10:16:35+00:00,1141.0
manifoldcf-integration-sharepoint-2013,C#,0,1,64.0,2011-10-03 21:58:28+00:00,2017-03-01 13:59:30+00:00,1975.0
manifoldcf-integration-sharepoint-2016,C#,0,1,70.0,2011-10-03 21:58:28+00:00,2017-03-30 20:18:59+00:00,2004.0
manifoldcf-integration-solr-5.x,Java,1,1,3372.0,2010-03-17 20:17:26+00:00,2017-03-01 14:03:36+00:00,2540.0
manifoldcf-integration-solr-6.x,Java,1,1,12.0,2016-04-05 05:07:01+00:00,2017-03-01 14:03:55+00:00,330.0
manifoldcf-integration-solr-7.x,Java,1,1,21.0,2016-04-05 05:07:01+00:00,2018-02-25 16:51:32+00:00,691.0
geronimo-jwt-auth,Java,7,9,65.0,2018-04-21 17:37:52+00:00,2024-11-19 07:55:40+00:00,2403.0
commons-geometry,Java,56,28,839.0,2018-04-07 00:28:17+00:00,2025-11-21 14:41:26+00:00,2785.0
mynewt-lorawan,,3,3,1.0,2018-08-29 16:01:22+00:00,2018-08-29 16:01:22+00:00,0.0
mynewt-nfc,,3,0,0.0,,,
archiva-redback-components-site,Shell,1,2,7.0,2018-04-15 12:55:12+00:00,2019-10-16 18:19:35+00:00,549.0
archiva-redback-components-parent,,1,2,145.0,2012-04-06 09:33:40+00:00,2019-11-23 20:59:56+00:00,2787.0
archiva-redback-components-expression-evaluator,,1,2,41.0,2012-04-17 21:47:27+00:00,2019-11-17 12:43:37+00:00,2769.0
archiva-redback-components-redback-features,,1,2,25.0,2012-08-03 07:45:35+00:00,2019-10-16 18:20:02+00:00,2630.0
archiva-redback-components-modello-plugins,,1,2,64.0,2012-11-28 23:08:08+00:00,2019-12-20 23:09:02+00:00,2578.0
archiva-redback-components-spring-cache,,1,2,106.0,2012-04-06 09:33:40+00:00,2019-11-21 19:36:07+00:00,2785.0
archiva-redback-components-spring-apacheds,,1,2,48.0,2012-04-06 09:33:40+00:00,2019-11-17 12:44:44+00:00,2781.0
archiva-redback-components-spring-quartz,,2,5,57.0,2012-04-06 09:33:40+00:00,2019-11-23 20:55:31+00:00,2787.0
archiva-redback-components-spring-registry,,1,2,95.0,2012-04-06 09:33:40+00:00,2019-11-17 12:45:40+00:00,2781.0
archiva-redback-components-spring-taskqueue,,1,2,46.0,2012-04-06 09:33:40+00:00,2019-11-21 20:45:11+00:00,2785.0
druid-website,JavaScript,2,14,461.0,2018-04-13 03:38:26+00:00,2025-11-18 04:31:30+00:00,2776.0
archiva-redback-components-spring-utils,Java,1,2,58.0,2012-04-06 09:33:40+00:00,2019-10-09 17:51:54+00:00,2742.0
accumulo-fluo-examples,Java,1,8,384.0,2014-05-22 04:29:02+00:00,2024-11-28 19:28:47+00:00,3843.0
archiva-parent,,0,3,550.0,2007-11-11 04:29:25+00:00,2022-08-06 02:36:12+00:00,5381.0
comdev-site,HTML,230,167,1014.0,2010-11-16 00:02:36+00:00,2025-10-21 15:22:40+00:00,5453.0
commons-signing,Java,1,4,5.0,2018-04-30 20:27:04+00:00,2018-04-30 20:29:38+00:00,0.0
streampipes,Java,686,213,11510.0,2014-07-22 11:28:15+00:00,2025-11-21 08:20:21+00:00,4139.0
comdev-projects,Python,13,16,3257.0,2018-04-29 07:25:12+00:00,2025-11-21 04:20:03+00:00,2762.0
sling-org-apache-sling-feature-analyser,Java,2,10,426.0,2017-11-03 14:06:50+00:00,2025-08-06 12:20:02+00:00,2832.0
sling-org-apache-sling-feature,Java,13,12,415.0,2017-11-03 14:06:50+00:00,2025-08-06 12:20:02+00:00,2832.0
couchdb-triq,Erlang,0,3,350.0,2010-04-28 20:57:55+00:00,2018-02-07 22:33:42+00:00,2842.0
sling-org-apache-sling-feature-io,,0,8,157.0,2018-04-25 09:58:43+00:00,2025-08-06 12:20:02+00:00,2660.0
sling-org-apache-sling-feature-applicationbuilder,Java,0,3,50.0,2017-11-03 14:06:50+00:00,2019-01-29 21:59:33+00:00,452.0
sling-org-apache-sling-feature-launcher,Java,5,12,276.0,2017-11-03 14:06:50+00:00,2025-08-06 12:20:02+00:00,2832.0
sling-org-apache-sling-feature-karaf,Java,1,3,35.0,2017-11-03 14:06:50+00:00,2025-08-06 12:20:02+00:00,2832.0
sling-org-apache-sling-feature-modelconverter,Java,0,4,155.0,2017-11-03 14:06:50+00:00,2025-08-06 12:20:02+00:00,2832.0
sling-org-apache-sling-feature-resolver,Java,0,5,55.0,2018-02-23 13:42:28+00:00,2025-08-06 12:20:02+00:00,2720.0
sling-slingfeature-maven-plugin,Java,3,11,781.0,2017-11-03 14:06:50+00:00,2025-08-06 12:20:02+00:00,2832.0
myfaces-master-pom,,2,6,281.0,2007-10-27 17:50:17+00:00,2024-04-08 11:37:19+00:00,6007.0
dubbo-samples,Java,2361,1978,1771.0,2018-04-28 09:25:30+00:00,2025-11-19 06:01:09+00:00,2761.0
attic-test,Shell,1,2,22.0,2018-05-01 10:17:17+00:00,2018-05-22 15:05:19+00:00,21.0
streampipes-installer,Shell,15,12,416.0,2018-05-04 14:13:32+00:00,2022-03-28 08:22:36+00:00,1423.0
myfaces-test,Java,0,3,165.0,2009-05-21 20:39:08+00:00,2018-10-18 16:30:36+00:00,3436.0
myfaces-build-tools,Java,5,8,862.0,2007-12-20 11:33:59+00:00,2025-06-11 09:13:48+00:00,6382.0
myfaces,Java,125,72,6426.0,2006-01-17 14:10:57+00:00,2025-11-04 22:24:49+00:00,7231.0
datasketches-cpp,C++,244,74,1906.0,2018-05-14 23:21:06+00:00,2025-11-13 18:40:14+00:00,2739.0
dubbo-python2,Python,62,18,165.0,2018-05-15 08:56:33+00:00,2024-09-03 12:30:20+00:00,2303.0
puppet-datadog-agent,Ruby,0,3,652.0,2011-06-27 22:24:58+00:00,2018-04-25 15:41:55+00:00,2493.0
dubbo-benchmark,Java,77,42,58.0,2018-05-17 09:42:12+00:00,2024-09-05 14:09:13+00:00,2303.0
geronimo-opentracing,Java,2,6,63.0,2018-05-18 16:40:47+00:00,2022-02-24 16:40:03+00:00,1377.0
sling-org-apache-sling-servlets-annotations-it,,0,3,35.0,2018-05-13 10:10:15+00:00,2025-08-06 12:20:02+00:00,2642.0
servicecomb-docs,Python,452,83,453.0,2018-05-22 03:39:37+00:00,2025-08-06 00:49:11+00:00,2632.0
sling-org-apache-sling-servlets-annotations,Java,3,7,76.0,2018-05-13 09:16:30+00:00,2025-10-15 14:16:38+00:00,2712.0
dubbo-async-processor,Java,20,9,8.0,2018-12-29 07:17:33+00:00,2018-12-29 09:13:25+00:00,0.0
couchdb-hyper,Erlang,0,3,114.0,2013-05-17 14:06:55+00:00,2021-06-03 21:43:06+00:00,2939.0
echarts-website,JavaScript,157,314,607.0,2018-06-01 02:43:49+00:00,2025-11-20 08:41:20+00:00,2729.0
sling-org-apache-sling-commons-clam,Java,1,3,120.0,2018-06-01 21:07:13+00:00,2025-08-06 12:20:02+00:00,2622.0
dubbo-hessian-lite,Java,65,52,2545.0,2011-10-20 15:04:29+00:00,2025-11-17 10:42:13+00:00,5141.0
geronimo-metrics,Java,2,8,74.0,2018-06-10 14:28:50+00:00,2025-03-17 10:25:27+00:00,2471.0
incubator-warble-website,,1,2,1.0,2018-06-11 16:34:27+00:00,2018-06-11 16:34:27+00:00,0.0
incubator-warble-node,Python,0,3,29.0,2018-06-12 14:01:37+00:00,2018-06-30 14:53:39+00:00,18.0
turbine-archetypes,Java,1,5,268.0,2011-11-07 23:13:04+00:00,2025-11-14 13:57:18+00:00,5120.0
trafficcontrol-website,HTML,1,7,26.0,2016-10-20 19:13:23+00:00,2018-07-29 21:44:22+00:00,647.0
incubator-warble-server,CoffeeScript,1,2,84.0,2018-06-14 13:58:57+00:00,2018-07-01 14:58:13+00:00,17.0
directory-scimple,Java,88,44,2311.0,2016-03-23 18:47:14+00:00,2025-11-03 17:32:53+00:00,3511.0
incubator-hugegraph-doc,JavaScript,66,112,293.0,2022-03-21 10:55:33+00:00,2025-11-20 08:12:54+00:00,1339.0
fineract-cn-notifications,Java,5,85,60.0,2018-06-09 21:03:15+00:00,2023-01-05 09:03:48+00:00,1670.0
geronimo-openapi,Java,12,16,150.0,2018-06-20 12:53:58+00:00,2022-02-23 13:11:44+00:00,1344.0
sling-org-apache-sling-capabilities,Java,0,3,63.0,2018-06-21 12:25:30+00:00,2025-08-06 12:20:02+00:00,2602.0
fineract-cn-docker-scripts,,1,0,0.0,,,
sling-org-apache-sling-app-cms,Java,71,50,1076.0,2018-01-27 18:37:33+00:00,2025-08-06 12:20:02+00:00,2747.0
fineract-cn-group-finance,TypeScript,1,70,51.0,2018-03-23 04:28:43+00:00,2023-01-05 09:01:49+00:00,1749.0
sling-org-apache-sling-resource-filter,Java,5,5,41.0,2018-06-28 15:42:04+00:00,2025-08-06 12:20:02+00:00,2595.0
openwebbeans-meecrowave-examples,Java,6,11,35.0,2018-06-29 07:13:00+00:00,2022-05-13 21:27:37+00:00,1414.0
dubbo-php-framework,PHP,403,93,32.0,2018-06-28 08:25:17+00:00,2020-08-10 09:30:15+00:00,774.0
dubbo-logo,,4,9,2.0,2018-06-29 02:28:21+00:00,2018-06-29 02:42:23+00:00,0.0
incubator-hugegraph-commons,Java,29,44,219.0,2017-06-27 02:22:10+00:00,2024-08-24 15:12:47+00:00,2615.0
sling-org-apache-sling-file-optimization,Java,0,3,43.0,2018-05-30 18:45:30+00:00,2025-08-06 12:20:02+00:00,2624.0
geronimo-health,Java,1,3,21.0,2018-07-09 07:34:31+00:00,2022-02-24 11:04:44+00:00,1326.0
openwhisk-deploy-openshift,Shell,22,9,216.0,2018-03-01 16:43:38+00:00,2019-05-20 15:38:53+00:00,444.0
skywalking-oal-tool,Java,9,3,79.0,2018-07-13 17:51:00+00:00,2018-12-06 15:26:10+00:00,145.0
shenyu,Java,8729,3024,3721.0,2018-07-11 09:20:57+00:00,2025-11-20 09:23:04+00:00,2689.0
openwhisk-runtime-ruby,Ruby,13,18,90.0,2018-07-14 10:54:15+00:00,2024-09-24 14:21:25+00:00,2264.0
openwhisk-runtime-ballerina,Java,7,8,27.0,2018-07-14 10:57:00+00:00,2021-03-09 16:12:31+00:00,969.0
dubbo-kubernetes,Go,195,85,2330.0,2018-01-11 05:30:18+00:00,2025-11-20 14:02:37+00:00,2870.0
incubator-hugegraph,Java,2836,567,2065.0,2017-06-27 02:22:10+00:00,2025-11-16 08:07:01+00:00,3064.0
tcl-rivet,Tcl,32,5,1425.0,2001-09-19 13:12:59+00:00,2025-11-20 16:48:14+00:00,8828.0
fineract-cn-stellar-bridge,Java,1,52,3.0,2018-07-17 00:06:55+00:00,2018-07-18 13:13:59+00:00,1.0
db-jdo,Java,36,22,1924.0,2005-03-18 22:51:42+00:00,2025-11-07 20:02:44+00:00,7538.0
universal-wiki-converter,Java,5,3,182.0,2009-12-20 19:19:12+00:00,2023-08-29 19:23:19+00:00,5000.0
geronimo-microprofile,Java,1,4,51.0,2018-07-21 17:51:06+00:00,2020-12-04 08:54:42+00:00,866.0
shenyu-dashboard,JavaScript,193,237,473.0,2018-07-22 14:43:25+00:00,2025-10-29 11:37:48+00:00,2655.0
cloudstack-documentation,Python,48,121,753.0,2018-07-27 13:15:54+00:00,2025-11-10 09:43:17+00:00,2662.0
hbase-operator-tools,Java,182,150,187.0,2018-08-03 00:11:28+00:00,2025-11-21 15:16:37+00:00,2667.0
dubbo-sentinel-support,Java,57,16,11.0,2018-07-27 06:13:39+00:00,2023-03-21 04:01:39+00:00,1697.0
incubator-hugegraph-tools,Java,21,29,76.0,2018-05-11 07:31:44+00:00,2021-12-28 09:00:48+00:00,1327.0
streampipes-extensions,Java,26,19,1422.0,2018-06-26 13:30:08+00:00,2022-03-28 08:18:58+00:00,1370.0
dubbo-go,Go,4853,979,9179.0,2018-08-08 05:30:37+00:00,2025-11-04 07:17:24+00:00,2645.0
tcl-modtcl,C,1,2,21.0,2001-02-25 19:53:06+00:00,2006-10-12 08:42:04+00:00,2054.0
tcl-websh,C,2,3,497.0,2001-10-25 09:43:31+00:00,2018-03-22 14:37:17+00:00,5992.0
hbase-connectors,Scala,244,179,143.0,2018-08-01 07:07:44+00:00,2025-09-11 17:34:31+00:00,2598.0
arrow-testing,Shell,17,46,144.0,2018-08-16 19:20:44+00:00,2025-11-18 21:50:16+00:00,2651.0
beam-wheels,Shell,7,18,29.0,2018-08-13 19:25:50+00:00,2020-07-29 18:43:11+00:00,715.0
ignite-teamcity-bot,Java,10,25,834.0,2017-07-20 21:11:08+00:00,2025-11-21 08:54:59+00:00,3045.0
parquet-testing,Python,75,69,76.0,2018-09-03 18:07:15+00:00,2025-08-21 05:38:15+00:00,2543.0
tcl-moddtcl,,1,2,130.0,2000-09-07 19:49:33+00:00,2003-08-19 08:10:54+00:00,1075.0
incubator-hugegraph-toolchain,Java,104,105,684.0,2017-05-16 08:30:06+00:00,2025-11-15 15:23:33+00:00,3105.0
tcl-site,HTML,1,3,504.0,2000-09-07 19:50:25+00:00,2025-11-14 23:04:15+00:00,9199.0
airflow-ci,Dockerfile,19,10,46.0,2018-05-01 01:34:39+00:00,2019-03-29 11:04:02+00:00,332.0
cordova-contribute,,4,7,22.0,2018-08-22 13:04:03+00:00,2023-01-09 08:09:39+00:00,1600.0
sling-org-apache-sling-commons-jcr-file,Java,1,3,23.0,2018-08-22 21:06:56+00:00,2025-08-06 12:20:02+00:00,2540.0
servicecomb-mesher,Go,688,70,146.0,2018-08-29 09:30:22+00:00,2024-09-19 03:48:57+00:00,2212.0
sling-org-apache-sling-jcr-filetransfer,Java,0,3,23.0,2018-08-22 21:07:53+00:00,2025-08-06 12:20:02+00:00,2540.0
groovy-examples,Groovy,15,20,5.0,2018-08-12 05:15:39+00:00,2020-12-04 04:43:29+00:00,844.0
sling-org-apache-sling-installer-provider-installhook,Java,1,5,43.0,2018-07-27 15:56:18+00:00,2025-08-06 12:20:02+00:00,2566.0
camel-k,Go,900,363,7582.0,2018-08-31 08:46:30+00:00,2025-11-20 16:35:20+00:00,2638.0
skywalking-query-protocol,,70,70,237.0,2018-09-03 08:19:58+00:00,2025-10-11 02:15:46+00:00,2594.0
hadoop-site,,12,40,298.0,2018-06-24 07:26:01+00:00,2025-11-10 06:48:46+00:00,2695.0
sling-org-apache-sling-clam,Java,1,3,207.0,2018-09-01 10:14:15+00:00,2025-08-06 12:20:02+00:00,2531.0
incubator-marvin,Jupyter Notebook,100,34,585.0,2017-09-26 00:14:18+00:00,2022-11-18 15:27:52+00:00,1879.0
unomi-site,HTML,4,9,164.0,2018-09-10 11:14:19+00:00,2025-11-10 10:27:01+00:00,2617.0
incubator-retired-zipkin-website,HTML,5,5,239.0,2015-06-29 23:00:51+00:00,2019-07-30 08:24:14+00:00,1491.0
ratis-thirdparty,Shell,12,28,110.0,2018-09-19 20:41:06+00:00,2025-11-20 19:23:08+00:00,2618.0
doris-website,MDX,112,387,2859.0,2018-09-25 11:23:38+00:00,2025-11-20 14:25:32+00:00,2613.0
freemarker-generator,Java,35,20,67.0,2018-09-19 20:42:37+00:00,2025-06-08 19:23:29+00:00,2453.0
ambari-logsearch,Java,31,55,656.0,2016-04-09 09:27:32+00:00,2024-07-31 00:53:33+00:00,3034.0
ambari-metrics,Java,54,86,712.0,2014-12-01 22:49:42+00:00,2025-05-13 00:47:25+00:00,3815.0
ambari-infra,Java,22,44,198.0,2017-03-24 20:41:34+00:00,2025-03-11 03:57:51+00:00,2908.0
sling-org-apache-sling-feature-extension-content,Java,1,5,110.0,2018-09-06 09:56:21+00:00,2025-08-06 12:20:02+00:00,2526.0
openwhisk-composer,JavaScript,69,21,139.0,2018-10-03 15:30:13+00:00,2024-09-24 14:46:55+00:00,2182.0
sling-org-apache-sling-jcr-packageinit,Java,0,2,50.0,2018-09-06 10:07:29+00:00,2025-08-06 12:20:02+00:00,2526.0
accumulo-maven-plugin,Shell,5,9,199.0,2013-07-12 21:50:41+00:00,2024-11-25 20:31:44+00:00,4153.0
netbeans-docs,,1,5,1.0,2018-10-05 17:57:27+00:00,2018-10-05 17:57:27+00:00,0.0
activemq-website,HTML,23,59,878.0,2018-07-23 14:49:50+00:00,2025-11-20 17:05:56+00:00,2677.0
rocketmq-client-cpp,C++,387,167,367.0,2018-10-17 11:36:15+00:00,2025-08-09 01:46:21+00:00,2487.0
rocketmq-client-python,Python,300,96,322.0,2018-10-17 11:38:46+00:00,2024-03-20 12:22:20+00:00,1981.0
rocketmq-client-go,Go,1384,438,575.0,2018-10-17 11:39:54+00:00,2025-11-12 07:20:02+00:00,2582.0
rocketmq-client-nodejs,C++,196,37,15.0,2018-10-17 11:40:44+00:00,2020-10-09 01:44:25+00:00,722.0
openwhisk-runtime-dotnet,C#,34,29,57.0,2018-10-11 18:18:52+00:00,2024-10-04 17:51:16+00:00,2184.0
accumulo-proxy,Java,11,22,639.0,2013-01-17 21:22:35+00:00,2025-09-15 14:52:35+00:00,4623.0
rocketmq-spring,Java,2243,938,385.0,2018-12-06 08:44:26+00:00,2025-06-23 08:59:04+00:00,2391.0
netbeans-parent,Groovy,6,9,1245.0,2006-06-22 17:13:10+00:00,2025-07-01 12:55:20+00:00,6948.0
kibble-docker,,2,0,0.0,,,
dubbo-erlang,Erlang,48,22,121.0,2018-10-17 11:29:21+00:00,2025-02-19 11:14:15+00:00,2316.0
skywalking-rocketbot-ui,Vue,782,352,494.0,2018-10-16 14:00:48+00:00,2022-02-27 13:40:43+00:00,1229.0
sling-org-apache-sling-scripting-sightly-runtime,Java,1,5,48.0,2018-10-18 11:42:40+00:00,2025-08-06 12:20:02+00:00,2484.0
sling-org-apache-sling-capabilities-jcr,Java,0,3,37.0,2018-10-18 15:09:33+00:00,2025-08-06 12:20:02+00:00,2483.0
skywalking-helm,Smarty,535,207,210.0,2018-10-29 08:09:55+00:00,2025-10-28 04:06:19+00:00,2555.0
skywalking-docker,Dockerfile,266,142,69.0,2018-11-19 07:57:09+00:00,2021-09-09 05:57:48+00:00,1024.0
pinot-site,,12,20,159.0,2018-10-25 03:28:47+00:00,2024-04-09 08:39:33+00:00,1993.0
pulsar-manager,Vue,541,250,259.0,2018-10-31 18:09:48+00:00,2024-05-11 07:44:07+00:00,2018.0
dubbo-serialization-gson,Java,3,2,3.0,2018-11-01 02:58:32+00:00,2018-11-01 03:45:24+00:00,0.0
predictionio-site,HTML,3,4,2.0,2016-07-20 19:09:13+00:00,2016-07-22 21:04:38+00:00,2.0
archiva-web-content,HTML,2,1,746.0,2012-08-28 12:38:24+00:00,2025-04-25 14:09:00+00:00,4623.0
datasketches-postgresql,C,88,13,266.0,2018-11-01 18:37:43+00:00,2025-07-02 19:24:45+00:00,2435.0
sling-org-apache-sling-feature-extension-apiregions,Java,0,13,295.0,2018-10-31 12:34:45+00:00,2025-08-06 12:20:02+00:00,2470.0
sling-org-apache-sling-feature-apiregions,Java,1,9,132.0,2018-11-03 10:11:24+00:00,2025-08-06 12:20:02+00:00,2468.0
pulsar-dotpulsar,C#,263,77,564.0,2019-08-23 10:26:16+00:00,2025-11-19 08:37:28+00:00,2279.0
incubator-milagro-crypto-js,JavaScript,19,10,66.0,2015-11-19 13:51:33+00:00,2024-03-21 14:25:50+00:00,3045.0
incubator-milagro-java,Java,2,7,1.0,2018-11-08 01:40:12+00:00,2018-11-08 01:40:12+00:00,0.0
sling-org-apache-sling-feature-inventoryprinter,Java,0,4,45.0,2018-11-08 17:08:33+00:00,2025-08-06 12:20:02+00:00,2462.0
archiva-redback-site,Shell,1,2,98.0,2012-04-06 07:08:41+00:00,2019-11-30 22:53:30+00:00,2794.0
iceberg,Java,8244,2884,7736.0,2017-12-13 21:52:43+00:00,2025-11-21 16:20:55+00:00,2899.0
fineract-cn-postgresql,Java,2,57,23.0,2018-11-15 01:17:42+00:00,2023-02-09 07:26:45+00:00,1547.0
groovy-website,Groovy,40,70,977.0,2015-07-03 13:06:48+00:00,2025-11-15 11:00:39+00:00,3787.0
geode-benchmarks,Java,5,27,353.0,2018-10-31 23:31:08+00:00,2023-01-23 05:07:23+00:00,1544.0
plc4x-website,HTML,10,12,1143.0,2018-11-23 10:41:52+00:00,2025-11-21 14:17:51+00:00,2555.0
iotdb,Java,6235,1096,13203.0,2017-05-07 06:50:07+00:00,2025-11-21 06:45:14+00:00,3119.0
openwhisk-composer-python,Python,10,15,95.0,2018-04-24 20:24:35+00:00,2024-09-24 14:47:37+00:00,2344.0
iotdb-website,HTML,30,18,1486.0,2018-12-19 12:44:29+00:00,2025-11-20 11:43:10+00:00,2527.0
incubator-marvin-website,HTML,4,8,94.0,2015-11-08 10:50:14+00:00,2020-03-12 17:31:52+00:00,1586.0
sling-org-apache-sling-launchpad-startupmanager,Java,0,3,27.0,2018-11-22 15:43:04+00:00,2025-08-06 12:20:02+00:00,2448.0
sling-org-apache-sling-scripting-bundle-tracker,,0,3,117.0,2018-04-06 15:06:52+00:00,2025-08-06 12:20:02+00:00,2678.0
sling-org-apache-sling-scripting-bundle-tracker-it,Java,1,4,103.0,2018-09-28 14:29:08+00:00,2025-08-06 12:20:02+00:00,2503.0
sling-scriptingbundle-maven-plugin,Java,2,2,104.0,2018-04-15 21:40:17+00:00,2025-08-06 12:20:02+00:00,2669.0
servicecomb-saga-actuator,Java,477,41,518.0,2017-07-18 08:27:38+00:00,2023-02-07 02:17:44+00:00,2029.0
dubbo-go-hessian2,Go,222,120,840.0,2019-02-23 10:29:47+00:00,2025-08-26 01:38:44+00:00,2375.0
olingo-odata3-js,JavaScript,1,2,7.0,2014-03-26 04:21:41+00:00,2014-05-16 02:16:12+00:00,50.0
cassandra-sidecar,Java,50,53,272.0,2019-02-19 02:16:35+00:00,2025-11-17 21:24:45+00:00,2463.0
phoenix-connectors,Java,55,62,131.0,2019-01-17 23:44:02+00:00,2025-08-06 07:08:57+00:00,2392.0
ignite-abbrev-plugin,Java,0,2,2.0,2012-07-25 23:43:33+00:00,2025-07-18 09:03:06+00:00,4740.0
incubator-seata,Java,25876,8880,2382.0,2019-01-09 03:13:40+00:00,2025-11-21 09:15:55+00:00,2508.0
phoenix-queryserver,Python,51,64,172.0,2019-01-03 00:37:11+00:00,2025-10-27 12:49:12+00:00,2489.0
archiva-jenkins-lib,Groovy,1,2,38.0,2018-12-28 23:48:07+00:00,2022-08-06 01:56:05+00:00,1316.0
samza-beam-examples,Java,8,13,8.0,2019-01-04 20:42:16+00:00,2021-02-09 02:36:33+00:00,766.0
aries-journaled-events,Java,1,7,55.0,2018-12-30 13:27:10+00:00,2020-03-04 08:24:22+00:00,429.0
jclouds-labs-google,,1,4,243.0,2013-04-29 04:54:40+00:00,2017-05-08 18:10:54+00:00,1470.0
airflow-site,HTML,157,402,757.0,2019-10-09 15:36:20+00:00,2025-11-15 18:38:26+00:00,2229.0
jclouds-labs,Java,3,7,1980.0,2012-01-18 06:07:21+00:00,2022-03-26 09:30:48+00:00,3720.0
jclouds-chef,,1,4,268.0,2010-09-18 18:17:21+00:00,2014-11-23 22:11:29+00:00,1527.0
jclouds-labs-aws,Java,3,5,137.0,2013-04-29 04:50:42+00:00,2022-03-26 09:31:18+00:00,3253.0
jclouds-labs-openstack,Java,1,5,260.0,2013-03-06 20:48:32+00:00,2022-03-26 09:31:37+00:00,3306.0
karaf-jclouds-cli,Java,3,5,187.0,2012-06-14 13:47:06+00:00,2018-02-21 15:51:25+00:00,2078.0
jclouds-site,HTML,2,14,943.0,2011-08-09 16:29:35+00:00,2025-06-21 18:57:46+00:00,5065.0
jclouds-examples,Java,22,16,327.0,2011-02-09 17:31:28+00:00,2025-04-15 03:07:42+00:00,5178.0
karaf-jclouds,Java,5,7,622.0,2011-05-16 23:05:30+00:00,2023-12-16 09:29:59+00:00,4596.0
whimsy-whimsical-site,HTML,4,4,27.0,2016-08-21 17:24:08+00:00,2025-09-01 17:04:23+00:00,3297.0
incubator-baremaps,Java,553,71,1541.0,2019-01-08 19:54:55+00:00,2025-09-23 08:18:31+00:00,2449.0
flex-radii8,ActionScript,2,4,1.0,2014-09-03 00:17:14+00:00,2014-09-03 00:17:14+00:00,0.0
flex-site-ng,HTML,2,4,4.0,2016-10-09 19:26:56+00:00,2016-10-09 19:41:23+00:00,0.0
sling-org-apache-sling-models-caconfig,Java,0,3,32.0,2019-01-09 20:22:44+00:00,2025-08-06 12:20:02+00:00,2400.0
trafodion-site,HTML,1,1,4.0,2015-07-12 04:55:19+00:00,2025-04-25 23:14:49+00:00,3575.0
hbase-site,HTML,10,17,5490.0,2015-12-07 21:27:40+00:00,2025-11-18 14:52:36+00:00,3633.0
kudu-site,HTML,2,6,148.0,2016-03-09 01:53:15+00:00,2025-07-14 17:58:32+00:00,3414.0
clerezza-contribs,Java,1,3,2.0,2010-04-06 09:46:59+00:00,2013-03-03 21:20:09+00:00,1062.0
incubator-datalab,Python,152,57,13264.0,2016-09-15 16:12:15+00:00,2023-06-15 09:46:34+00:00,2463.0
mina-ftpserver,Java,59,36,1061.0,2003-03-31 06:50:36+00:00,2024-12-26 13:54:46+00:00,7941.0
mina-asyncweb,Java,2,7,136.0,2007-10-23 02:29:38+00:00,2023-11-28 17:29:56+00:00,5880.0
mina-vysper,Java,24,9,777.0,2009-04-21 09:10:30+00:00,2023-11-28 17:36:24+00:00,5334.0
tomee-tck,Java,8,15,606.0,2011-02-13 20:14:24+00:00,2024-07-25 18:33:50+00:00,4910.0
phoenix-omid-site,HTML,1,4,1.0,2016-04-15 21:00:50+00:00,2016-04-15 21:00:50+00:00,0.0
allura-site,,3,4,33.0,2012-10-18 13:10:18+00:00,2015-07-24 15:52:04+00:00,1009.0
incubator-seata-website,JavaScript,105,135,882.0,2019-02-26 11:27:46+00:00,2025-11-20 02:36:15+00:00,2458.0
joshua-site,HTML,1,3,271.0,2011-05-18 20:51:13+00:00,2016-04-01 19:19:28+00:00,1779.0
sling-org-apache-sling-bnd-plugins,Java,1,3,5.0,2019-01-21 19:49:28+00:00,2019-01-31 10:58:14+00:00,9.0
causeway-site,HTML,1,3,2251.0,2012-11-04 17:41:08+00:00,2021-08-26 11:24:15+00:00,3216.0
any23-committers,Shell,2,3,24.0,2012-01-16 09:25:01+00:00,2022-03-03 23:21:01+00:00,3699.0
lucenenet-site,HTML,5,9,96.0,2019-02-19 18:39:58+00:00,2025-10-04 08:03:52+00:00,2418.0
tuscany-js,,1,0,0.0,,,
onami,Java,11,3,744.0,2012-11-15 10:38:01+00:00,2014-07-22 20:55:20+00:00,614.0
ozone-site,HTML,7,38,65.0,2020-10-28 08:38:03+00:00,2025-11-10 06:50:43+00:00,1838.0
mnemonic-site,SCSS,5,9,91.0,2016-04-22 04:46:44+00:00,2022-04-19 06:32:39+00:00,2188.0
incubator-retired-cmda,JavaScript,1,3,202.0,2015-07-23 00:29:29+00:00,2015-11-21 00:39:21+00:00,121.0
james-site,CSS,5,7,23.0,2020-07-12 20:02:01+00:00,2021-09-08 07:29:38+00:00,422.0
commons-skin,JavaScript,6,11,689.0,2006-12-27 20:01:03+00:00,2025-11-21 14:44:29+00:00,6903.0
teaclave-trustzone-sdk,Rust,258,74,589.0,2019-01-25 23:02:12+00:00,2025-11-17 07:25:18+00:00,2487.0
incubator-seata-samples,Java,2344,1966,378.0,2019-01-29 16:01:43+00:00,2025-10-13 07:07:22+00:00,2448.0
ozone-docker,Dockerfile,17,24,39.0,2019-02-05 09:43:11+00:00,2025-06-11 04:51:35+00:00,2317.0
couchdb-hqueue,C,0,6,10.0,2019-01-30 12:56:06+00:00,2022-10-06 05:55:55+00:00,1344.0
couchdb-smoosh,Erlang,3,4,8.0,2019-01-30 14:16:08+00:00,2019-12-19 01:01:11+00:00,322.0
couchdb-ken,Erlang,1,5,14.0,2019-02-06 20:07:46+00:00,2019-12-19 00:59:12+00:00,315.0
druid-website-src,CSS,26,94,1134.0,2019-02-20 18:36:13+00:00,2025-09-09 06:04:09+00:00,2392.0
sling-org-apache-sling-scripting-jsp-taglib-compat,Java,0,4,12.0,2019-02-11 22:46:25+00:00,2025-08-06 12:20:02+00:00,2367.0
aurora-website,HTML,2,2,5.0,2014-12-17 18:29:56+00:00,2020-01-02 20:40:02+00:00,1842.0
airavata-custos,Python,18,28,915.0,2019-02-15 19:08:48+00:00,2025-10-17 16:57:58+00:00,2435.0
calcite-site,HTML,5,9,281.0,2019-02-17 22:07:42+00:00,2025-11-07 17:16:14+00:00,2454.0
streampipes-examples,Java,6,4,42.0,2019-02-17 15:19:52+00:00,2023-06-30 12:42:06+00:00,1593.0
puppet-postfix,HTML,1,3,156.0,2012-04-03 09:50:23+00:00,2024-07-17 19:19:01+00:00,4488.0
puppet-fail2ban,Puppet,0,3,74.0,2013-04-17 17:38:51+00:00,2019-02-18 11:56:08+00:00,2132.0
camel-k-runtime,Java,66,52,2123.0,2019-02-20 12:58:21+00:00,2025-03-21 23:33:30+00:00,2221.0
servicecomb-samples,Java,503,149,98.0,2019-03-06 01:41:17+00:00,2024-05-14 11:11:53+00:00,1896.0
training,HTML,31,37,573.0,2019-02-27 20:25:19+00:00,2025-11-16 23:05:31+00:00,2454.0
openwhisk-runtime-rust,Python,25,18,55.0,2019-02-28 15:54:31+00:00,2024-09-24 14:22:11+00:00,2034.0
activemq-artemis-native,Java,10,13,196.0,2015-04-27 20:40:36+00:00,2022-09-09 08:11:32+00:00,2691.0
pulsar-client-node,C++,163,95,268.0,2019-03-01 13:47:17+00:00,2025-09-28 02:36:20+00:00,2402.0
dolphinscheduler,Java,13960,4942,8779.0,2019-03-01 16:39:25+00:00,2025-11-21 09:54:32+00:00,2456.0
tomee-chatterbox,Java,3,9,17.0,2019-03-05 10:50:41+00:00,2021-06-28 21:28:48+00:00,846.0
incubator-kie-kogito-runtimes,Java,587,248,20935.0,2005-12-05 22:42:19+00:00,2025-11-21 14:34:56+00:00,7290.0
rocketmq-v6,,1,3,1.0,2019-03-07 08:50:40+00:00,2019-03-07 08:50:40+00:00,0.0
incubator-kie-kogito-examples,Python,280,438,1477.0,2019-03-07 10:51:09+00:00,2025-10-22 15:01:22+00:00,2421.0
jmeter-site,HTML,5,3,31.0,2019-03-15 06:54:30+00:00,2024-01-07 17:19:07+00:00,1759.0
mynewt-imgmod,Go,2,4,31.0,2019-03-22 23:01:53+00:00,2020-11-11 04:35:04+00:00,599.0
openwhisk-pluggable-provider,JavaScript,2,5,150.0,2016-10-19 12:59:36+00:00,2021-03-09 16:12:12+00:00,1602.0
aries-component-dsl,Java,5,7,249.0,2016-11-24 16:35:48+00:00,2022-03-03 04:00:12+00:00,1924.0
aries-cdi,Java,6,7,444.0,2017-01-24 23:47:30+00:00,2022-05-05 21:41:34+00:00,1926.0
incubator-kie-kogito-images,Shell,25,83,708.0,2019-03-25 18:30:36+00:00,2024-10-11 16:16:09+00:00,2026.0
sling-org-apache-sling-feature-cpconverter,Java,9,14,584.0,2019-03-27 22:56:54+00:00,2025-09-30 13:20:26+00:00,2378.0
incubator-tuweni,Java,174,84,1492.0,2019-04-02 19:22:24+00:00,2023-05-29 07:12:16+00:00,1517.0
dubbo-getty,Go,231,70,633.0,2016-08-23 02:51:40+00:00,2025-09-06 03:34:09+00:00,3301.0
incubator-tuweni-website,HTML,2,8,82.0,2019-04-08 07:29:42+00:00,2022-12-04 07:18:56+00:00,1335.0
infrastructure-blocky,JavaScript,0,4,11.0,2019-03-27 22:15:03+00:00,2025-07-24 17:21:24+00:00,2310.0
incubator-seata-k8s,Go,48,18,28.0,2019-04-08 11:32:40+00:00,2025-11-20 07:11:00+00:00,2417.0
infrastructure-oraclejava,Puppet,1,2,34.0,2012-11-07 16:21:49+00:00,2019-04-09 03:54:17+00:00,2343.0
apisix-website,TypeScript,142,198,1450.0,2019-10-19 15:46:28+00:00,2025-11-06 03:19:06+00:00,2209.0
apisix,Lua,15877,2719,4623.0,2019-04-10 02:02:06+00:00,2025-11-21 08:21:59+00:00,2417.0
hbase-native-client,C++,36,20,152.0,2014-01-03 22:52:41+00:00,2022-02-07 06:41:24+00:00,2956.0
sling-org-apache-sling-feature-apiregions-model,Java,0,3,26.0,2019-04-10 20:29:09+00:00,2025-08-06 12:20:02+00:00,2309.0
xalan-pmc,,0,3,10.0,2011-09-11 18:41:56+00:00,2019-04-15 17:15:33+00:00,2772.0
cayenne-examples,Java,3,6,23.0,2019-04-15 09:18:40+00:00,2024-02-21 07:57:24+00:00,1772.0
xalan-site,HTML,2,2,141.0,2012-06-16 03:57:36+00:00,2025-11-13 16:51:39+00:00,4898.0
xalan-java,Java,20,46,4871.0,1999-11-09 16:50:01+00:00,2025-08-09 20:15:43+00:00,9405.0
sling-org-apache-sling-distribution-journal,Java,8,15,410.0,2019-04-16 21:48:19+00:00,2025-08-13 10:16:08+00:00,2310.0
sling-org-apache-sling-distribution-journal-messages,Java,2,6,112.0,2019-04-16 21:53:03+00:00,2025-08-06 12:20:02+00:00,2303.0
sling-org-apache-sling-distribution-journal-kafka,Java,0,6,65.0,2019-04-16 21:54:57+00:00,2025-08-06 12:20:02+00:00,2303.0
sling-org-apache-sling-distribution-journal-it,Java,0,5,47.0,2019-04-16 21:57:13+00:00,2025-08-06 12:20:02+00:00,2303.0
sling-org-apache-sling-committer-cli,Java,0,2,124.0,2019-03-08 11:56:17+00:00,2025-08-06 12:20:02+00:00,2343.0
incubator-kie-kogito-operator,Go,44,79,997.0,2019-04-18 17:49:47+00:00,2024-02-21 14:34:47+00:00,1769.0
sling-project-archetype,Java,6,5,73.0,2018-01-21 22:00:30+00:00,2025-08-06 12:20:02+00:00,2753.0
xalan-c,C++,35,34,4497.0,1999-12-18 19:48:15+00:00,2021-11-23 19:59:03+00:00,8011.0
xalan-test,XSLT,3,7,1536.0,2000-11-01 23:24:21+00:00,2025-08-08 21:02:57+00:00,9045.0
db-jdo-site,HTML,4,6,231.0,2019-04-30 16:44:03+00:00,2025-11-13 15:16:19+00:00,2388.0
comdev-wwwsite,Python,2,4,3.0,2019-04-26 16:50:04+00:00,2020-04-06 09:13:07+00:00,345.0
servicecomb-kie,Go,544,69,216.0,2019-04-29 06:23:28+00:00,2024-02-22 11:49:33+00:00,1760.0
pulsar-client-go,Go,724,369,1001.0,2019-05-06 22:13:04+00:00,2025-11-18 05:03:14+00:00,2387.0
hbase-filesystem,Java,10,28,48.0,2019-04-30 12:37:54+00:00,2023-08-04 08:49:38+00:00,1556.0
datasketches,,101,10,621.0,2015-06-18 22:03:27+00:00,2023-01-24 21:25:06+00:00,2776.0
netbeans-mavenutils-parent,,2,5,1253.0,2006-06-22 17:13:10+00:00,2022-07-05 13:42:57+00:00,5856.0
netbeans-webskin,JavaScript,0,4,1241.0,2006-06-22 17:13:10+00:00,2022-09-23 11:59:39+00:00,5936.0
netbeans-mavenutils-nbm-shared,,2,6,1258.0,2006-06-22 17:13:10+00:00,2022-07-06 09:44:51+00:00,5857.0
netbeans-mavenutils-nbm-maven-harness,,0,7,1262.0,2006-06-22 17:13:10+00:00,2022-07-06 09:46:05+00:00,5857.0
netbeans-mavenutils-nb-repository-plugin,,2,5,1277.0,2006-06-22 17:13:10+00:00,2022-07-06 09:49:51+00:00,5857.0
netbeans-mavenutils-nbm-maven-plugin,Java,15,29,1819.0,2006-06-22 17:13:10+00:00,2025-10-13 04:31:45+00:00,7052.0
netbeans-mavenutils-archetype-nbm-archetype,Groovy,2,5,1275.0,2006-06-22 17:13:10+00:00,2025-10-25 11:00:54+00:00,7064.0
netbeans-mavenutils-archetype-nbm-suite-root,Groovy,2,6,1247.0,2006-06-22 17:13:10+00:00,2023-04-12 13:07:34+00:00,6137.0
netbeans-mavenutils-archetype-netbeans-platform-app-archetype,Java,2,5,1263.0,2006-06-22 17:13:10+00:00,2025-10-25 11:03:48+00:00,7064.0
geronimo-batchee,Java,7,10,396.0,2013-11-05 06:58:50+00:00,2025-10-06 19:17:18+00:00,4353.0
netbeans-jenkins-lib,Groovy,5,10,640.0,2019-05-10 12:49:56+00:00,2025-10-31 09:00:48+00:00,2365.0
incubator-pagespeed-website,,1,4,5.0,2019-05-16 08:11:26+00:00,2023-04-21 06:59:05+00:00,1435.0
dubbo-proxy,Java,258,87,15.0,2019-06-03 08:42:58+00:00,2019-08-01 09:04:45+00:00,59.0
apachecon-site,,2,0,1.0,2022-06-25 18:12:50+00:00,2022-06-25 18:12:50+00:00,0.0
servicecomb-fence,JavaScript,420,23,99.0,2019-05-24 06:43:59+00:00,2024-11-30 03:10:26+00:00,2016.0
infratest,,1,0,0.0,,,
streampark,Java,4234,1047,2019.0,2021-05-23 17:00:20+00:00,2025-11-02 03:05:10+00:00,1623.0
rocketmq-docker,Shell,696,251,127.0,2019-06-03 07:06:51+00:00,2025-06-10 09:58:52+00:00,2199.0
pulsar-client-ruby,,7,15,1.0,2019-05-30 20:58:10+00:00,2019-05-30 20:58:10+00:00,0.0
rocketmq-exporter,Java,313,175,158.0,2019-06-03 07:17:34+00:00,2024-10-22 03:16:45+00:00,1967.0
apisix-docker,Dockerfile,822,479,295.0,2019-06-04 01:07:55+00:00,2025-10-30 09:10:50+00:00,2340.0
rocketmq-operator,Go,330,130,204.0,2019-06-03 07:08:40+00:00,2025-01-14 05:56:29+00:00,2051.0
yunikorn-web,TypeScript,38,72,241.0,2019-03-13 06:15:46+00:00,2025-09-18 02:08:27+00:00,2380.0
yunikorn-core,Go,990,256,1101.0,2019-03-13 06:14:23+00:00,2025-11-18 12:35:13+00:00,2442.0
yunikorn-scheduler-interface,Makefile,32,70,168.0,2019-03-13 06:20:27+00:00,2025-10-21 14:02:08+00:00,2414.0
yunikorn-k8shim,Go,161,147,987.0,2019-03-13 14:45:32+00:00,2025-10-21 15:18:03+00:00,2414.0
mynewt-artifact,Go,2,7,76.0,2018-11-21 01:41:07+00:00,2024-12-12 00:55:57+00:00,2212.0
rocketmq-ons,Java,26,12,27.0,2019-06-05 03:16:34+00:00,2019-08-20 02:58:04+00:00,75.0
solr-operator,Go,275,131,397.0,2019-05-14 19:54:18+00:00,2025-11-04 15:49:32+00:00,2365.0
sling-org-apache-sling-connection-timeout-agent,Java,1,4,107.0,2019-05-21 15:57:28+00:00,2025-10-08 11:39:12+00:00,2331.0
trafficserver-site,HTML,3,6,141.0,2019-06-17 20:44:50+00:00,2025-08-13 20:49:28+00:00,2249.0
diversity-site,Python,14,8,11.0,2019-06-19 13:49:58+00:00,2025-04-10 16:51:52+00:00,2122.0
servicecomb-toolkit,Java,437,34,240.0,2019-05-16 07:03:17+00:00,2024-09-10 08:35:10+00:00,1944.0
camel-quarkus,Java,278,210,6982.0,2019-02-24 22:56:49+00:00,2025-11-21 13:08:58+00:00,2461.0
airavata-mft,Java,37,38,451.0,2019-06-21 19:44:21+00:00,2024-04-03 08:33:42+00:00,1747.0
plc4x-build-tools,Java,18,18,408.0,2019-06-19 10:10:29+00:00,2025-09-22 08:23:14+00:00,2286.0
incubator-milagro-dta,Go,11,8,70.0,2019-06-25 13:45:26+00:00,2019-12-11 07:57:30+00:00,168.0
incubator-milagro-crypto-rust,Rust,31,19,87.0,2019-06-26 09:01:25+00:00,2020-10-12 06:45:47+00:00,473.0
diversity-research,,2,0,0.0,,,
rocketmq-remoting,Java,3,4,40.0,2019-05-13 07:51:32+00:00,2019-06-28 11:21:31+00:00,46.0
sling-org-apache-sling-feature-diff,Java,0,2,31.0,2019-06-27 21:42:49+00:00,2025-08-06 12:20:02+00:00,2231.0
sling-org-apache-sling-feature-r2f,Java,0,2,19.0,2019-06-27 21:49:57+00:00,2025-08-06 12:20:02+00:00,2231.0
apisix-dashboard,TypeScript,1136,576,1191.0,2019-07-01 09:50:11+00:00,2025-11-21 09:02:11+00:00,2334.0
aries-site,HTML,2,3,2.0,2019-07-03 09:53:49+00:00,2019-07-20 18:33:44+00:00,17.0
incubator-kie-kogito-website,HTML,3,30,91.0,2019-07-02 18:55:31+00:00,2025-09-17 21:49:42+00:00,2269.0
incubator-kie-tools,Java,279,232,23585.0,2009-01-29 21:04:24+00:00,2025-11-21 14:42:54+00:00,6139.0
incubator-weex-playground,Java,44,28,968.0,2016-04-12 15:21:18+00:00,2021-05-27 13:02:21+00:00,1870.0
causeway-app-petclinic,Java,7,4,120.0,2021-09-28 05:28:50+00:00,2024-06-03 13:17:43+00:00,979.0
causeway-app-helloworld,Java,11,8,236.0,2019-12-02 10:38:34+00:00,2025-11-10 23:25:00+00:00,2170.0
causeway-app-simpleapp,Java,15,15,483.0,2019-12-02 10:43:53+00:00,2025-11-13 06:50:15+00:00,2172.0
teaclave,,781,157,769.0,2019-07-08 18:09:41+00:00,2025-09-03 03:32:20+00:00,2248.0
causeway-antora,CSS,1,3,569.0,2017-10-01 19:55:42+00:00,2025-10-19 14:57:07+00:00,2939.0
singa-site,HTML,3,6,161.0,2019-07-25 09:55:35+00:00,2025-05-15 14:10:01+00:00,2121.0
flink-playgrounds,Java,543,255,47.0,2019-07-12 10:58:12+00:00,2025-02-13 16:08:41+00:00,2043.0
cloudstack-kubernetes-provider,Go,49,32,102.0,2018-11-20 13:39:46+00:00,2025-07-14 03:53:41+00:00,2427.0
fineract-cn-docker-compose,Shell,13,69,75.0,2019-09-04 11:49:11+00:00,2023-04-03 10:24:23+00:00,1306.0
pulsar-translation,,25,33,55.0,2019-07-22 01:47:13+00:00,2022-10-12 19:59:48+00:00,1178.0
sling-org-apache-sling-contentparser-api,Java,1,2,32.0,2019-07-10 17:19:43+00:00,2025-08-06 12:20:02+00:00,2218.0
sling-org-apache-sling-contentparser-json,Java,0,3,36.0,2019-07-10 17:19:43+00:00,2025-08-06 12:20:02+00:00,2218.0
sling-org-apache-sling-contentparser-xml,Java,0,2,26.0,2019-07-12 14:33:23+00:00,2025-08-06 12:20:02+00:00,2216.0
sling-org-apache-sling-contentparser-xml-jcr,Java,0,2,27.0,2019-07-15 10:02:03+00:00,2025-08-06 12:20:02+00:00,2214.0
sling-org-apache-sling-contentparser-testutils,Java,0,2,24.0,2019-07-12 14:33:23+00:00,2025-08-06 12:20:02+00:00,2216.0
linkis,Java,3399,1169,4271.0,2019-07-23 06:41:52+00:00,2025-11-19 07:09:37+00:00,2311.0
puppet-etherpad_lite,Puppet,0,2,102.0,2012-05-07 16:03:24+00:00,2019-07-23 19:41:45+00:00,2633.0
infrastructure-ci-specs,Python,1,2,14.0,2019-07-23 07:44:58+00:00,2019-07-23 12:33:19+00:00,0.0
jmeter-site-preview,HTML,2,1,42.0,2019-07-29 12:32:19+00:00,2024-01-02 15:44:34+00:00,1618.0
rocketmq-ons-cpp,C++,11,7,54.0,2019-07-18 01:56:48+00:00,2019-09-25 08:40:51+00:00,69.0
kvrocks,C++,4144,588,2053.0,2019-08-15 13:10:11+00:00,2025-11-21 08:04:00+00:00,2289.0
security-vulnogram,JavaScript,7,5,728.0,2017-10-24 21:47:31+00:00,2025-09-10 07:38:01+00:00,2877.0
mxnet-ci,Python,9,14,92.0,2019-08-15 19:44:27+00:00,2023-01-18 02:42:31+00:00,1251.0
sling-feature-converter-maven-plugin,Java,0,3,65.0,2019-08-14 00:40:48+00:00,2025-08-06 12:20:02+00:00,2184.0
cassandra-diff,Java,12,16,17.0,2019-08-21 06:58:27+00:00,2021-09-23 19:47:38+00:00,764.0
incubator-weex-android-compatible,,3,2,6.0,2019-08-26 08:55:06+00:00,2019-09-06 07:32:55+00:00,10.0
brpc-website,CSS,18,32,290.0,2019-08-30 14:51:48+00:00,2025-10-27 08:45:39+00:00,2249.0
shardingsphere-benchmark,Java,27,19,862.0,2019-09-17 07:19:53+00:00,2021-06-16 06:20:56+00:00,637.0
puppet-backuppc,Puppet,0,2,153.0,2011-12-23 17:01:35+00:00,2021-09-08 22:45:00+00:00,3547.0
dolphinscheduler-website,JavaScript,139,217,1471.0,2019-09-04 18:37:51+00:00,2025-10-30 03:14:51+00:00,2247.0
dubbo-awesome,,140,45,125.0,2019-09-04 12:05:27+00:00,2024-05-28 02:35:31+00:00,1727.0
juneau-petstore,Java,9,13,61.0,2019-09-09 22:07:43+00:00,2022-06-23 20:09:33+00:00,1017.0
nifi-standard-libraries,,11,10,4.0,2019-09-10 17:33:31+00:00,2023-08-25 14:37:55+00:00,1444.0
sling-org-apache-sling-bnd-plugin-headers-parameters-remove,Java,0,2,14.0,2019-09-11 09:51:13+00:00,2025-08-06 12:20:02+00:00,2156.0
eventmesh,Java,1678,640,4839.0,2019-09-16 03:04:57+00:00,2025-10-31 15:57:20+00:00,2237.0
submarine,Java,704,254,1051.0,2019-09-19 06:37:15+00:00,2024-04-03 00:59:35+00:00,1657.0
hadoop-thirdparty,Shell,5,40,63.0,2019-09-26 06:25:07+00:00,2025-10-20 17:00:18+00:00,2216.0
hop,Java,1273,415,8626.0,2019-09-24 10:48:13+00:00,2025-11-20 07:12:01+00:00,2248.0
maven-mvnd,Java,3307,238,1370.0,2019-09-21 17:54:59+00:00,2025-11-14 21:20:40+00:00,2246.0
echarts-bot,JavaScript,11,3,205.0,2018-11-15 03:23:30+00:00,2025-11-12 05:47:58+00:00,2554.0
incubator-kie-kogito-online,,9,15,4.0,2019-09-26 17:48:40+00:00,2023-11-22 14:37:15+00:00,1517.0
ozone,Java,1081,580,9747.0,2018-03-15 16:23:33+00:00,2025-11-21 12:51:52+00:00,2807.0
any23-plugins,Java,1,2,3.0,2019-10-01 03:35:08+00:00,2019-11-17 04:38:32+00:00,47.0
any23-server,Java,3,4,4.0,2019-10-01 03:22:24+00:00,2020-03-22 19:07:47+00:00,173.0
openoffice-org,HTML,8,17,1927.0,2020-10-22 16:50:51+00:00,2025-11-18 20:06:45+00:00,1853.0
openoffice-project,HTML,7,6,183.0,2020-11-09 23:49:13+00:00,2025-11-12 20:06:17+00:00,1828.0
cassandra-website,CSS,24,85,810.0,2010-03-13 23:17:20+00:00,2025-10-29 09:31:21+00:00,5708.0
tvm-site,JavaScript,25,32,238.0,2017-03-08 19:27:32+00:00,2025-10-31 17:21:32+00:00,3158.0
apisix-dashboard-built,CSS,6,6,16.0,2019-10-14 04:12:31+00:00,2019-11-09 16:55:28+00:00,26.0
couchdb-helm,Mustache,51,68,146.0,2019-10-09 08:49:22+00:00,2025-10-02 08:21:07+00:00,2184.0
lucene-site,CSS,6,32,1986.0,2010-11-30 15:03:45+00:00,2025-11-17 10:42:25+00:00,5465.0
cloudstack-primate,Vue,39,37,881.0,2019-05-11 18:59:08+00:00,2021-01-20 02:27:12+00:00,619.0
archiva-components,Java,1,1,111.0,2019-10-17 09:08:21+00:00,2022-08-06 11:04:11+00:00,1024.0
incubator-kie-kogito-apps,Java,67,156,1569.0,2019-10-21 13:09:47+00:00,2025-11-21 14:40:52+00:00,2223.0
cordova-eslint,JavaScript,7,6,75.0,2019-09-25 00:26:35+00:00,2025-08-15 06:44:36+00:00,2151.0
ofbiz-tools,HTML,20,22,275.0,2017-05-12 13:44:26+00:00,2025-07-29 14:02:03+00:00,3000.0
ofbiz-site,HTML,11,14,608.0,2017-03-20 12:28:40+00:00,2025-11-17 08:08:36+00:00,3163.0
parquet-site,HTML,12,41,142.0,2015-04-22 23:24:38+00:00,2025-11-14 15:13:50+00:00,3858.0
geronimo-arthur,Java,9,7,152.0,2019-10-29 07:51:11+00:00,2025-05-04 14:47:44+00:00,2014.0
submarine-site,HTML,6,8,303.0,2019-10-30 13:02:11+00:00,2023-11-12 07:37:21+00:00,1473.0
ws-neethi,Java,3,4,457.0,2005-11-07 16:49:40+00:00,2025-10-22 19:18:46+00:00,7289.0
ws-wss4j,Java,41,48,3282.0,2004-02-13 20:43:09+00:00,2025-11-21 11:54:57+00:00,7951.0
ws-axiom,Java,13,22,5580.0,2006-02-01 02:24:08+00:00,2025-11-21 03:05:30+00:00,7233.0
ws-woden,,1,0,0.0,,,
ws-xmlschema,Java,11,21,267.0,2010-10-23 22:02:07+00:00,2025-11-21 11:54:10+00:00,5507.0
ignite-extensions,Java,54,80,315.0,2019-11-01 06:49:51+00:00,2025-10-28 06:39:17+00:00,2187.0
skywalking-cli,Go,94,48,239.0,2019-11-06 04:05:58+00:00,2025-10-13 11:47:03+00:00,2168.0
ws-parent,,1,2,22.0,2013-04-21 15:11:06+00:00,2022-04-23 11:05:27+00:00,3288.0
karaf-winegrower,Java,13,7,272.0,2018-10-11 06:56:30+00:00,2023-01-18 04:35:49+00:00,1559.0
streampipes-website,HTML,7,23,490.0,2019-11-14 20:11:10+00:00,2025-10-22 14:52:15+00:00,2168.0
apisix-ingress-controller,Go,1093,363,1132.0,2019-12-06 05:51:41+00:00,2025-11-17 04:56:39+00:00,2172.0
apache.github.io,HTML,2,7,4.0,2019-11-15 11:44:47+00:00,2019-11-15 11:58:03+00:00,0.0
couchdb-passage,Erlang,0,1,86.0,2017-10-20 14:43:00+00:00,2021-05-14 18:47:12+00:00,1302.0
couchdb-local,Erlang,0,1,16.0,2014-09-19 08:29:46+00:00,2018-08-03 06:58:24+00:00,1413.0
couchdb-jaeger-passage,Erlang,0,1,75.0,2017-10-18 21:47:58+00:00,2021-05-14 18:47:39+00:00,1303.0
couchdb-thrift-protocol,Erlang,0,1,26.0,2017-10-17 18:26:38+00:00,2020-01-18 04:37:22+00:00,822.0
petri,HTML,3,4,354.0,2019-11-21 13:08:07+00:00,2024-05-30 22:15:59+00:00,1652.0
incubator-resilientdb-site,TypeScript,6,6,236.0,2019-11-21 01:20:15+00:00,2025-11-19 00:14:34+00:00,2189.0
incubator-resilientdb,TypeScript,155,243,624.0,2019-11-22 18:31:53+00:00,2025-11-17 23:35:38+00:00,2187.0
camel-kafka-connector,Java,166,108,2374.0,2019-12-04 11:12:24+00:00,2025-10-17 03:17:58+00:00,2143.0
fineract-cn-interoperation,Java,1,15,6.0,2019-03-08 11:31:41+00:00,2020-10-19 15:16:52+00:00,591.0
flink-statefun,Java,527,186,823.0,2019-12-03 13:27:26+00:00,2023-09-12 09:11:38+00:00,1378.0
shardingsphere-acceptance-test,Java,5,4,252.0,2019-12-10 10:00:34+00:00,2020-08-11 06:22:58+00:00,244.0
sling-org-apache-sling-commons-crypto,Java,0,3,144.0,2019-12-05 20:13:55+00:00,2025-08-06 12:20:02+00:00,2070.0
couchdb-infra-cm,Python,1,3,72.0,2019-08-09 18:28:55+00:00,2025-03-26 23:39:52+00:00,2056.0
skywalking-client-js,TypeScript,266,81,261.0,2019-12-06 11:34:57+00:00,2025-11-18 01:34:49+00:00,2173.0
infrastructure-otp,Python,4,6,22.0,2019-12-05 21:18:34+00:00,2020-10-14 07:34:39+00:00,313.0
nuttx-apps,C,375,646,8568.0,2011-03-10 14:42:28+00:00,2025-11-19 09:38:55+00:00,5367.0
singa-doc,JavaScript,8,19,319.0,2019-11-07 04:59:38+00:00,2025-05-15 14:10:07+00:00,2016.0
camel-spring-boot,Java,179,189,44498.0,2007-03-19 10:54:57+00:00,2025-11-21 09:20:45+00:00,6821.0
couchdb-esprima,TypeScript,0,1,1214.0,2011-11-23 02:29:59+00:00,2019-09-11 01:13:15+00:00,2848.0
nuttx,C,3544,1405,59575.0,2007-02-17 23:21:28+00:00,2025-11-20 12:34:07+00:00,6850.0
couchdb-escodegen,JavaScript,0,1,550.0,2012-03-03 15:14:16+00:00,2019-08-13 02:08:40+00:00,2718.0
inlong,Java,1469,571,5192.0,2019-09-11 04:55:41+00:00,2025-11-18 12:39:58+00:00,2260.0
nuttx-website,CSS,21,30,175.0,2015-11-08 10:50:14+00:00,2025-11-10 16:13:14+00:00,3655.0
tika-docker,Shell,221,80,136.0,2020-01-09 02:10:24+00:00,2025-09-15 19:29:18+00:00,2076.0
inlong-website,JavaScript,37,109,811.0,2020-01-15 00:16:09+00:00,2025-11-18 07:15:23+00:00,2134.0
nuttx-testing,,9,22,111.0,2020-01-13 13:07:23+00:00,2021-06-06 18:44:37+00:00,510.0
xerces-c,C++,150,102,6481.0,1999-11-09 01:00:54+00:00,2024-10-21 12:45:27+00:00,9113.0
rocketmq-connect,Java,137,121,497.0,2019-05-31 11:08:13+00:00,2024-12-11 01:58:45+00:00,2020.0
tomcat-jakartaee-migration,Java,176,65,340.0,2020-01-13 12:49:49+00:00,2025-11-21 15:01:44+00:00,2139.0
xerces-c-admin,,2,2,6.0,2006-03-30 05:37:50+00:00,2018-09-10 16:42:38+00:00,4547.0
airflow-on-k8s-operator,Go,86,26,17.0,2020-01-15 18:27:24+00:00,2020-03-22 19:54:19+00:00,67.0
dubbo-go-pixiu,Go,518,171,1976.0,2020-01-16 06:32:58+00:00,2025-11-18 04:48:31+00:00,2132.0
maven-doxia-book-renderer,Java,1,8,58.0,2012-03-31 16:42:15+00:00,2025-09-16 18:10:30+00:00,4917.0
flink-docker,Shell,354,209,333.0,2017-03-09 14:47:36+00:00,2025-11-05 14:01:33+00:00,3162.0
maven-doxia-book-maven-plugin,Java,1,4,53.0,2012-03-31 16:42:15+00:00,2025-08-29 08:35:46+00:00,4898.0
couchdb-recon,Erlang,0,2,298.0,2012-08-06 17:48:45+00:00,2024-11-21 20:21:15+00:00,4490.0
netbeans-l10n,HTML,15,13,21.0,2020-02-05 19:30:55+00:00,2021-06-18 06:25:14+00:00,498.0
camel-examples,Java,461,380,2779.0,2007-05-17 15:37:54+00:00,2025-11-05 14:01:31+00:00,6746.0
geode-kafka-connector,Java,5,10,86.0,2019-11-06 01:22:24+00:00,2022-03-01 16:44:29+00:00,846.0
pulsar-test-infra,TypeScript,18,28,58.0,2020-02-04 20:49:04+00:00,2025-10-29 13:30:21+00:00,2093.0
maven-wrapper-plugin,Java,14,2,33.0,2020-02-09 15:21:44+00:00,2021-10-26 19:24:46+00:00,625.0
incubator-milagro-mpc,C,22,11,236.0,2019-11-29 17:30:21+00:00,2024-03-21 14:23:51+00:00,1573.0
sling-kickstart-maven-plugin,Java,0,2,26.0,2020-02-06 21:55:37+00:00,2025-08-06 12:20:02+00:00,2007.0
sling-org-apache-sling-kickstart,Java,3,3,56.0,2020-02-06 21:55:37+00:00,2025-08-06 12:20:02+00:00,2007.0
skywalking-swck,Go,140,51,157.0,2020-02-24 02:09:46+00:00,2025-11-13 08:59:03+00:00,2089.0
skywalking-nginx-lua,Lua,197,71,130.0,2020-02-19 14:08:53+00:00,2024-09-25 10:38:59+00:00,1679.0
mina-site,HTML,5,3,121.0,2020-02-24 10:34:50+00:00,2025-08-19 19:40:08+00:00,2003.0
felix-atomos,Java,41,20,370.0,2018-10-02 12:55:33+00:00,2024-06-11 20:14:56+00:00,2079.0
cassandra-in-jvm-dtest-api,Java,4,21,110.0,2020-02-25 09:17:30+00:00,2025-10-09 21:56:05+00:00,2053.0
openwhisk-wskdebug,JavaScript,7,9,109.0,2020-02-25 21:46:02+00:00,2024-09-24 15:31:27+00:00,1672.0
felix-dev,Java,154,152,17589.0,2005-07-19 10:41:53+00:00,2025-11-19 08:13:07+00:00,7427.0
httpd-tests,Perl,7,9,2448.0,2001-04-02 08:53:05+00:00,2025-11-07 08:32:07+00:00,8984.0
skywalking-agent-test-tool,Java,34,35,56.0,2020-02-28 08:13:20+00:00,2025-09-14 09:24:58+00:00,2025.0
infrastructure-duo_unix,C,1,2,561.0,2011-03-01 18:59:41+00:00,2022-05-17 05:01:00+00:00,4094.0
skywalking-rust,Rust,79,20,80.0,2020-02-28 06:42:50+00:00,2025-07-10 10:16:33+00:00,1959.0
incubator-nlpcraft-java-client,Java,8,5,56.0,2020-03-04 04:54:16+00:00,2021-08-07 06:06:01+00:00,521.0
incubator-nlpcraft-ui,TypeScript,5,4,16.0,2020-03-05 21:05:18+00:00,2020-04-26 12:53:44+00:00,51.0
vcl-site,HTML,6,4,696.0,2012-05-07 18:59:33+00:00,2025-01-28 19:55:13+00:00,4649.0
incubator-nlpcraft,Scala,83,25,2722.0,2020-03-03 18:29:02+00:00,2025-05-22 07:50:36+00:00,1905.0
jena-site,HTML,19,72,1833.0,2011-01-12 00:07:58+00:00,2025-10-15 09:53:22+00:00,5390.0
ignite-website,HTML,12,22,2557.0,2014-10-25 06:27:56+00:00,2025-11-20 15:14:16+00:00,4044.0
incubator-kie-kogito-pipelines,Groovy,14,51,808.0,2020-03-12 16:18:10+00:00,2025-10-22 17:47:34+00:00,2050.0
camel-karaf,Java,37,65,1792.0,2020-03-23 07:47:44+00:00,2025-10-21 13:24:01+00:00,2038.0
axis-axis2-c-core,C,9,4,7167.0,2005-09-25 15:30:03+00:00,2025-09-22 13:15:26+00:00,7301.0
axis-axis2-c-rampart,C,1,2,1257.0,2006-05-25 08:37:52+00:00,2011-09-08 08:26:13+00:00,1931.0
infrastructure-jenkins,Java,3,4,96.0,2017-03-11 22:22:54+00:00,2024-12-21 16:41:02+00:00,2841.0
axis-axis2-c-sandesha,C,1,3,970.0,2006-06-15 05:51:15+00:00,2010-07-01 11:35:41+00:00,1477.0
axis-axis2-c-savan,C,1,2,393.0,2007-01-23 11:06:55+00:00,2010-12-12 03:18:46+00:00,1418.0
axis-axis2-java-core,Java,36,46,15033.0,2004-09-02 16:01:47+00:00,2025-11-19 14:20:18+00:00,7747.0
axis-axis2-java-kandula,Java,1,2,125.0,2005-08-20 02:59:21+00:00,2010-09-22 01:13:03+00:00,1858.0
axis-axis2-java-rampart,Java,2,5,1197.0,2007-01-03 05:58:13+00:00,2025-11-02 20:38:28+00:00,6878.0
axis-axis2-java-sandesha,Java,1,2,884.0,2006-06-15 05:51:15+00:00,2014-06-01 13:18:49+00:00,2908.0
axis-axis2-java-savan,Java,1,2,36.0,2007-01-26 09:38:29+00:00,2010-02-13 01:41:48+00:00,1113.0
axis-axis2-java-transports,Java,1,2,406.0,2008-09-10 03:48:13+00:00,2013-02-05 19:49:50+00:00,1609.0
axis-axis1-c,C++,1,2,6378.0,2003-06-23 13:38:41+00:00,2015-02-22 21:27:05+00:00,4262.0
axis-axis1-java,Java,13,29,13229.0,2001-01-19 12:02:18+00:00,2025-02-09 23:54:28+00:00,8787.0
axis-site,HTML,4,2,170.0,2011-01-05 05:14:48+00:00,2025-03-10 17:27:47+00:00,5178.0
yunikorn-site,MDX,29,84,570.0,2020-03-27 03:28:12+00:00,2025-11-21 13:52:31+00:00,2065.0
axis-axis1-site-src,,2,2,4.0,2013-03-07 20:45:19+00:00,2020-05-01 19:26:31+00:00,2611.0
pinot-docs,,1,0,0.0,,,
tvm-vta,Scala,314,86,228.0,2018-03-01 23:55:46+00:00,2022-01-27 21:25:39+00:00,1427.0
flink-statefun-docker,Shell,18,14,36.0,2020-03-30 08:43:54+00:00,2023-09-08 11:50:47+00:00,1257.0
cassandra-easy-stress,Kotlin,27,16,343.0,2018-04-09 21:00:22+00:00,2025-11-16 20:26:07+00:00,2777.0
couchdb-erlfdb,Erlang,33,18,144.0,2019-01-29 12:37:30+00:00,2023-10-12 19:26:01+00:00,1717.0
velocity-master,,2,2,60.0,2010-06-09 17:30:36+00:00,2025-11-01 16:12:34+00:00,5623.0
airavata-mft-portal,Python,3,6,38.0,2020-04-04 13:22:26+00:00,2020-08-05 18:49:20+00:00,123.0
velocity-site,HTML,7,5,109.0,2005-11-13 21:53:12+00:00,2024-10-21 16:23:31+00:00,6916.0
tomcat-taglibs-standard,Java,5,7,1009.0,2001-11-21 07:34:02+00:00,2023-01-20 10:07:05+00:00,7730.0
airavata-custos-portal,Vue,0,11,412.0,2020-04-02 19:56:04+00:00,2023-05-03 13:26:54+00:00,1125.0
tomcat-taglibs-parent,,1,5,85.0,2009-01-03 22:13:25+00:00,2023-01-20 10:06:29+00:00,5129.0
tomcat-taglibs-site,,1,4,89.0,2009-01-04 20:13:21+00:00,2020-04-10 02:29:37+00:00,4113.0
incubator-seata-go,Go,1669,320,372.0,2022-05-03 01:30:26+00:00,2025-11-19 09:24:49+00:00,1296.0
tomcat-taglibs-rdc,Java,1,3,162.0,2004-09-10 06:28:35+00:00,2020-04-10 02:33:57+00:00,5690.0
pulsar-connectors,Java,18,12,344.0,2018-05-08 19:21:15+00:00,2020-11-12 00:56:21+00:00,918.0
pulsar-adapters,Java,24,31,420.0,2016-09-07 05:10:37+00:00,2024-12-20 09:54:42+00:00,3026.0
pulsar-helm-chart,Shell,228,242,423.0,2018-06-25 17:47:19+00:00,2025-11-17 09:52:25+00:00,2701.0
pulsar-presto,Java,18,5,252.0,2018-08-06 17:29:26+00:00,2024-10-18 05:38:38+00:00,2264.0
trafficserver-ingress-controller,Go,42,11,290.0,2020-04-17 22:59:19+00:00,2025-11-21 08:11:40+00:00,2043.0
yunikorn-release,Go,43,64,190.0,2020-04-14 05:55:44+00:00,2025-07-22 03:08:19+00:00,1924.0
camel-k-examples,Java,90,62,164.0,2020-04-17 11:13:49+00:00,2025-04-16 14:50:49+00:00,1825.0
incubator-nlpcraft-website,HTML,3,2,511.0,2020-04-18 18:23:14+00:00,2025-03-01 17:27:36+00:00,1777.0
flink-training,Java,998,702,63.0,2020-04-15 17:30:00+00:00,2023-12-02 02:55:23+00:00,1325.0
impala-udf-samples,,1,0,0.0,,,
flink-benchmarks,Java,181,94,235.0,2020-05-11 06:02:25+00:00,2025-11-11 02:09:45+00:00,2009.0
geode-dotnet-core-client,C#,6,5,21.0,2020-04-22 18:28:38+00:00,2021-06-10 01:44:10+00:00,413.0
uima-async-scaleout,Java,1,4,1843.0,2009-08-11 19:51:07+00:00,2022-06-10 21:35:32+00:00,4686.0
puppet-module-ssh,Ruby,0,3,428.0,2013-05-16 13:36:23+00:00,2020-04-26 19:34:06+00:00,2537.0
maven-metric-extension,,0,0,0.0,,,
camel-kafka-connector-examples,Java,66,43,829.0,2020-04-29 13:29:55+00:00,2025-09-25 12:22:49+00:00,1974.0
sling-org-apache-sling-installer-factory-feature,Java,0,4,63.0,2020-02-21 08:16:47+00:00,2025-08-06 12:20:02+00:00,1993.0
skywalking-python,Python,207,107,326.0,2020-03-17 14:19:22+00:00,2025-09-25 08:44:55+00:00,2017.0
sling-slingpackager,JavaScript,1,5,28.0,2019-08-29 15:08:09+00:00,2025-08-06 12:20:02+00:00,2168.0
sling-org-apache-sling-graphql-core,Java,11,12,255.0,2020-05-11 13:33:57+00:00,2025-08-20 13:14:16+00:00,1926.0
infrastructure-pypubsub,Python,5,3,138.0,2020-04-24 14:37:55+00:00,2025-04-19 18:46:03+00:00,1821.0
teaclave-website,JavaScript,5,14,242.0,2020-05-14 01:08:05+00:00,2025-11-18 09:48:07+00:00,2014.0
uima-ruta,Java,18,5,2619.0,2011-08-01 12:13:46+00:00,2025-10-22 11:29:10+00:00,5195.0
camel-spring-boot-examples,Java,335,363,406.0,2020-05-21 10:39:03+00:00,2025-11-05 14:01:49+00:00,1994.0
santuario-xml-security-java,Java,48,66,1785.0,2010-12-15 11:00:20+00:00,2025-11-12 10:53:32+00:00,5445.0
dubbo-spi-extensions,Java,201,120,630.0,2020-05-18 03:22:29+00:00,2025-11-19 13:13:17+00:00,2011.0
sling-content-package-archetype,,1,2,37.0,2019-08-30 13:59:21+00:00,2025-08-06 12:20:02+00:00,2167.0
sling-org-apache-sling-jcr-presence,Java,0,3,20.0,2020-05-19 11:28:36+00:00,2025-08-06 12:20:02+00:00,1905.0
ignite-web-console,JavaScript,2,3,796.0,2016-05-17 16:21:25+00:00,2020-07-21 05:23:38+00:00,1525.0
tomee-jakartaee-api,Java,5,6,165.0,2013-01-17 17:32:18+00:00,2025-11-02 16:21:31+00:00,4671.0
camel-karaf-examples,,6,6,51.0,2020-08-06 07:19:58+00:00,2024-12-04 10:21:41+00:00,1581.0
sdap-ingester,Python,5,18,245.0,2020-03-03 03:02:43+00:00,2025-03-24 17:41:18+00:00,1847.0
maven-artifact-plugin,Java,11,21,262.0,2019-12-04 17:02:44+00:00,2025-11-10 04:11:59+00:00,2167.0
incubator-liminal,Python,145,41,166.0,2020-03-05 14:23:01+00:00,2024-07-19 17:00:22+00:00,1597.0
tomee-patch-plugin,Java,3,8,96.0,2020-06-11 01:12:53+00:00,2025-09-05 08:56:11+00:00,1912.0
commons-graph,Java,36,12,908.0,2011-06-11 12:36:51+00:00,2025-11-21 14:23:44+00:00,5277.0
infrastructure-blocky-client,Python,0,2,54.0,2020-06-16 04:03:58+00:00,2025-01-20 19:32:07+00:00,1679.0
infrastructure-testapp,Python,2,4,15.0,2020-06-14 17:57:17+00:00,2025-07-24 17:37:02+00:00,1865.0
infrastructure-kif,Python,1,2,43.0,2020-06-17 05:04:21+00:00,2025-11-14 00:33:28+00:00,1975.0
infrastructure-loggy,Python,0,2,46.0,2020-06-17 07:55:51+00:00,2024-10-26 15:22:28+00:00,1592.0
echarts-handbook,Vue,86,152,619.0,2020-03-31 06:22:03+00:00,2025-11-18 04:15:11+00:00,2057.0
shardingsphere-ui,Java,54,44,194.0,2020-01-19 11:38:59+00:00,2021-06-18 09:41:54+00:00,515.0
apisix-helm-chart,Smarty,259,254,352.0,2020-06-19 04:28:18+00:00,2025-11-21 09:08:12+00:00,1981.0
tomee-jakarta,Java,3,11,193.0,2020-06-19 08:53:11+00:00,2022-02-23 18:16:40+00:00,614.0
skywalking-nodejs,TypeScript,168,66,128.0,2020-06-13 10:14:53+00:00,2025-08-22 13:04:09+00:00,1896.0
airflow-client-go,Go,214,26,26.0,2020-06-28 20:48:34+00:00,2023-02-10 23:47:54+00:00,957.0
airflow-client-java,,2,8,3.0,2020-06-28 20:49:55+00:00,2020-06-30 08:59:07+00:00,1.0
airflow-client-python,Python,437,64,84.0,2020-06-28 20:49:18+00:00,2025-11-18 16:19:49+00:00,1968.0
airflow-client-javascript,,2,2,3.0,2020-06-28 20:50:35+00:00,2020-06-30 08:59:37+00:00,1.0
sling-feature-launcher-maven-plugin,Java,0,3,66.0,2020-06-22 22:25:28+00:00,2025-09-17 09:32:20+00:00,1912.0
age,C,4000,459,779.0,2019-03-17 23:12:41+00:00,2025-11-19 21:45:44+00:00,2438.0
age-website,HTML,37,67,180.0,2020-12-06 19:04:03+00:00,2025-09-08 16:40:06+00:00,1736.0
airflow-pgbouncer-exporter,Go,2,4,97.0,2017-09-04 14:52:51+00:00,2021-09-22 10:54:34+00:00,1478.0
airflow-helm-unittest,Go,10,3,221.0,2017-11-21 08:25:03+00:00,2020-07-04 17:19:49+00:00,956.0
airflow-openldap,Shell,1,3,699.0,2013-11-05 14:51:31+00:00,2021-07-04 13:18:53+00:00,2797.0
dolphinscheduler-maven-plugin,Java,5,10,82.0,2020-06-02 06:04:05+00:00,2020-08-10 06:28:50+00:00,69.0
mxnet-examples,,6,5,2.0,2020-08-02 20:52:10+00:00,2020-08-02 21:41:49+00:00,0.0
shardingsphere-elasticjob-ui,Java,165,97,274.0,2020-07-15 14:23:33+00:00,2022-11-25 09:43:33+00:00,862.0
logging-pipelines,Groovy,1,2,43.0,2020-07-19 18:51:30+00:00,2022-05-31 02:11:33+00:00,680.0
incubator-pegasus-website,HTML,5,18,393.0,2019-05-25 10:47:35+00:00,2025-11-16 14:11:56+00:00,2367.0
phoenix-thirdparty,,0,11,29.0,2020-07-23 13:50:12+00:00,2025-11-07 08:22:43+00:00,1932.0
flink-cdc,Java,6273,2096,1432.0,2020-07-07 11:57:09+00:00,2025-11-18 07:38:43+00:00,1959.0
incubator-bluemarlin,Python,2,7,205.0,2019-10-08 22:45:13+00:00,2022-02-18 01:21:10+00:00,863.0
apisix-control-plane,Go,33,15,28.0,2020-07-30 02:12:54+00:00,2021-04-21 01:34:44+00:00,264.0
infrastructure-mailstats,Python,0,3,8.0,2020-07-30 08:12:34+00:00,2023-06-26 21:07:28+00:00,1061.0
myfaces-homepage,HTML,2,10,321.0,2020-08-07 11:10:06+00:00,2025-11-17 18:39:10+00:00,1928.0
comdev-events-site,HTML,32,15,706.0,2012-02-26 13:58:11+00:00,2025-11-12 09:52:23+00:00,5007.0
airavata-django-portal-sdk,Python,0,3,197.0,2020-06-26 21:40:37+00:00,2023-08-16 21:53:29+00:00,1146.0
incubator-ponymail-unit-tests,Python,0,2,163.0,2020-08-11 11:07:30+00:00,2025-03-11 22:28:26+00:00,1673.0
incubator-ponymail-foal,Python,39,19,1786.0,2020-08-12 12:18:39+00:00,2025-07-27 20:09:35+00:00,1810.0
sling-org-apache-sling-commons-content-analyzing,Java,0,2,37.0,2020-08-15 15:06:06+00:00,2025-08-06 12:20:02+00:00,1816.0
sling-org-apache-sling-commons-content-processing,Java,0,2,37.0,2020-08-15 15:06:13+00:00,2025-08-06 12:20:02+00:00,1816.0
aries-antora-ui,HTML,1,3,8.0,2020-08-08 23:51:58+00:00,2020-08-17 22:43:35+00:00,8.0
aries-antora,Shell,0,3,21.0,2020-08-07 16:43:59+00:00,2021-05-04 17:09:11+00:00,270.0
aries-antora-site,HTML,1,3,621.0,2011-01-04 11:06:05+00:00,2025-01-22 08:52:49+00:00,5131.0
aries-site-pub,HTML,1,3,265.0,2010-12-12 01:21:18+00:00,2020-08-26 22:06:56+00:00,3545.0
incubator-kie-optaplanner-quickstarts,Java,327,160,431.0,2020-08-19 07:56:32+00:00,2023-09-06 09:11:47+00:00,1113.0
openwhisk-runtime-deno,Scala,14,10,18.0,2020-08-19 04:57:00+00:00,2024-09-24 15:33:03+00:00,1497.0
infrastructure-quota-agent,,0,2,1.0,2020-08-19 11:52:24+00:00,2020-08-19 11:52:24+00:00,0.0
logging-site,CSS,1,5,225.0,2020-08-30 06:48:57+00:00,2025-08-27 17:31:28+00:00,1823.0
logging-flume-site,HTML,2,7,53.0,2020-09-20 19:21:21+00:00,2024-10-10 18:11:14+00:00,1480.0
xmlgraphics-website,HTML,5,3,1009.0,2012-03-18 17:47:57+00:00,2025-11-19 12:49:29+00:00,4993.0
sling-org-apache-sling-feature-extension-unpack,Java,0,5,61.0,2020-08-17 11:05:20+00:00,2025-08-06 12:20:02+00:00,1815.0
infrastructure-uninstaller,Python,0,2,6.0,2020-08-27 07:59:28+00:00,2020-08-27 08:12:52+00:00,0.0
shardingsphere-externals,,2,5,4.0,2020-08-27 12:16:43+00:00,2020-11-09 07:11:13+00:00,73.0
tomee-site-pub,HTML,3,8,29524.0,2013-01-14 05:14:49+00:00,2025-11-20 12:36:15+00:00,4693.0
arrow-julia,Julia,299,69,405.0,2018-01-17 19:50:37+00:00,2025-10-27 04:17:30+00:00,2839.0
logging-log4j-site,,2,9,4.0,2020-08-30 21:21:35+00:00,2024-03-04 09:49:42+00:00,1281.0
logging-log4cxx-site,,0,2,2.0,2020-08-31 00:27:27+00:00,2023-10-18 05:17:36+00:00,1143.0
logging-log4j-audit-site,,0,2,1.0,2020-08-31 00:12:58+00:00,2020-08-31 00:12:58+00:00,0.0
logging-log4net-site,,2,4,1.0,2020-08-31 00:34:00+00:00,2020-08-31 00:34:00+00:00,0.0
logging-log4php-site,,0,3,1.0,2020-08-31 00:42:59+00:00,2020-08-31 00:42:59+00:00,0.0
logging-chainsaw-site,,0,3,1.0,2020-08-30 22:35:43+00:00,2020-08-30 22:35:43+00:00,0.0
cassandra-harry,Java,54,18,57.0,2020-09-03 18:19:57+00:00,2024-08-22 13:07:27+00:00,1448.0
sedona-website,,6,3,1.0,2020-09-07 08:30:15+00:00,2020-09-07 08:30:15+00:00,0.0
foundation-site,CSS,1,4,6.0,2020-08-31 08:14:56+00:00,2020-08-31 11:16:46+00:00,0.0
openwebbeans-peeco,Java,0,3,3.0,2020-08-31 14:58:34+00:00,2020-09-01 07:44:19+00:00,0.0
incubator-liminal-site,HTML,3,4,16.0,2020-09-29 08:57:10+00:00,2020-11-03 07:39:38+00:00,34.0
camel-quarkus-examples,Java,93,130,560.0,2020-09-18 16:18:24+00:00,2025-11-07 14:10:46+00:00,1875.0
aries-typedevent,Java,3,8,64.0,2020-09-11 16:59:15+00:00,2025-05-01 09:09:23+00:00,1692.0
royale-ds,,0,0,0.0,,,
incubator-hugegraph-computer,Java,52,45,241.0,2020-09-22 03:23:15+00:00,2025-11-15 08:14:16+00:00,1880.0
nutch-site,CSS,2,2,24.0,2021-08-27 05:40:50+00:00,2025-07-21 17:52:14+00:00,1424.0
infrastructure-boxer,Python,0,6,280.0,2020-09-16 07:20:54+00:00,2025-09-23 13:24:55+00:00,1833.0
accumulo-classloaders,Java,3,12,38.0,2020-09-23 13:23:00+00:00,2025-11-20 19:36:03+00:00,1884.0
yetus-test-patch-action,Shell,0,5,20.0,2020-09-23 14:59:09+00:00,2025-10-07 00:06:29+00:00,1839.0
bloodhound-core,Python,7,7,29.0,2018-06-04 13:50:34+00:00,2023-04-08 01:08:31+00:00,1768.0
sling-org-apache-sling-adapter-annotations-it,,0,3,17.0,2020-09-20 21:38:10+00:00,2025-08-06 12:20:02+00:00,1780.0
hop-website,CSS,19,29,576.0,2020-10-13 06:52:38+00:00,2025-11-19 12:02:23+00:00,1863.0
sling-org-apache-sling-adapter-annotations,Java,2,4,35.0,2020-09-20 21:48:31+00:00,2025-08-06 12:20:02+00:00,1780.0
dubbo-go-samples,Go,273,219,1207.0,2020-10-14 03:01:52+00:00,2025-11-19 04:14:37+00:00,1862.0
incubator-hop-docs,Shell,4,10,286.0,2020-11-08 13:03:45+00:00,2021-04-15 10:48:54+00:00,157.0
directory-site,HTML,9,6,2044.0,2012-04-18 17:05:00+00:00,2025-11-20 10:42:53+00:00,4963.0
yetus-homebrew,Shell,1,4,16.0,2020-10-18 20:33:17+00:00,2025-03-04 15:17:22+00:00,1597.0
airflow-upgrade-check,,0,0,0.0,,,
thrift-website,CSS,1,6,41.0,2020-10-29 08:53:26+00:00,2025-05-23 21:00:37+00:00,1667.0
httpd-mod_fcgid,C,2,3,522.0,2004-05-18 05:03:37+00:00,2020-01-01 19:44:47+00:00,5706.0
skywalking-satellite,Go,111,53,195.0,2020-10-31 10:05:08+00:00,2025-11-19 01:38:20+00:00,1844.0
mxnet-events,,2,2,1.0,2020-11-02 18:45:21+00:00,2020-11-02 18:45:21+00:00,0.0
uima-parent-pom,,0,2,333.0,2010-10-27 10:56:05+00:00,2024-10-14 11:24:58+00:00,5101.0
airavata-data-lake,Java,9,5,545.0,2020-11-10 18:02:25+00:00,2023-03-28 02:32:43+00:00,867.0
pulsar-release,Java,3,4,783.0,2017-06-13 23:30:56+00:00,2020-11-11 06:37:06+00:00,1246.0
uima-build-resources,XSLT,0,2,79.0,2010-10-27 11:01:19+00:00,2022-04-25 12:37:21+00:00,4198.0
ozone-docker-builder,Dockerfile,0,4,20.0,2019-05-09 14:54:40+00:00,2021-05-17 05:50:36+00:00,738.0
ozone-docker-runner,Dockerfile,5,29,56.0,2019-06-03 10:30:28+00:00,2025-07-18 10:23:34+00:00,2236.0
ignite-python-thin-client,Python,28,22,78.0,2018-10-15 10:28:51+00:00,2025-06-17 12:55:03+00:00,2437.0
ignite-nodejs-thin-client,TypeScript,3,9,25.0,2018-06-28 14:40:25+00:00,2024-12-09 14:19:26+00:00,2355.0
ozone-docker-testkrb5,Dockerfile,2,7,16.0,2021-01-15 06:06:16+00:00,2025-03-05 19:13:05+00:00,1510.0
ignite-php-thin-client,PHP,4,5,5.0,2018-10-09 13:57:05+00:00,2019-02-17 15:50:10+00:00,131.0
camel-kamelets,Java,62,86,4239.0,2020-11-26 09:22:34+00:00,2025-11-21 11:50:48+00:00,1821.0
ignite-3,Java,283,130,6222.0,2020-11-23 21:46:02+00:00,2025-11-21 15:00:05+00:00,1823.0
datasketches-server,Java,2,2,21.0,2020-12-05 08:27:48+00:00,2022-05-20 22:46:48+00:00,531.0
iotdb-client-go,Go,67,37,93.0,2020-12-06 03:40:58+00:00,2025-09-15 07:56:49+00:00,1744.0
apisix-ingress-docker,Dockerfile,6,8,13.0,2020-12-18 06:20:54+00:00,2022-12-09 07:40:44+00:00,721.0
openoffice-mwiki,CSS,2,4,17.0,2020-12-15 15:18:31+00:00,2025-09-14 18:43:37+00:00,1734.0
airflow-ci-infra,Python,5,9,146.0,2021-01-04 16:10:59+00:00,2023-11-26 01:34:21+00:00,1055.0
openoffice-forums,,3,2,8.0,2020-12-15 18:43:07+00:00,2020-12-22 18:58:05+00:00,7.0
incubator-wayang,Java,235,107,2774.0,2014-08-26 08:21:35+00:00,2025-11-17 08:48:43+00:00,4101.0
skywalking-eyes,Go,288,63,245.0,2020-11-18 11:45:36+00:00,2025-11-20 14:23:09+00:00,1828.0
privacy-website,SCSS,8,17,208.0,2021-03-05 19:55:45+00:00,2025-11-21 17:36:09+00:00,1721.0
airflow-get-workflow-origin,TypeScript,1,3,8.0,2020-10-10 09:57:48+00:00,2020-11-13 09:57:32+00:00,33.0
airflow-cancel-workflow-runs,TypeScript,0,2,44.0,2020-02-04 03:21:55+00:00,2020-11-01 20:00:39+00:00,271.0
airflow-checks-action,TypeScript,1,2,27.0,2020-02-29 12:54:53+00:00,2020-11-19 23:38:59+00:00,264.0
airflow-github-push-action,JavaScript,1,3,69.0,2019-08-24 11:04:49+00:00,2020-10-13 21:46:47+00:00,416.0
skywalking-infra-e2e,Go,52,34,117.0,2020-12-28 01:12:14+00:00,2025-11-05 05:44:55+00:00,1773.0
airflow-label-when-approved,TypeScript,0,3,9.0,2020-10-24 10:14:15+00:00,2020-11-01 10:44:43+00:00,8.0
airflow-configure-aws-credentials,JavaScript,0,2,258.0,2019-10-30 22:32:57+00:00,2020-12-22 05:25:49+00:00,418.0
airflow-codecov-action,JavaScript,1,3,367.0,2019-07-31 01:21:05+00:00,2020-12-21 21:13:42+00:00,509.0
airflow-pre-commit-action,JavaScript,1,3,68.0,2019-08-24 18:58:22+00:00,2020-12-21 17:37:53+00:00,484.0
airflow-JamesIves-github-pages-deploy-action,TypeScript,0,2,761.0,2019-03-02 16:04:50+00:00,2020-12-17 16:28:34+00:00,656.0
echarts-bar-racing,TypeScript,4,3,30.0,2020-12-29 09:33:55+00:00,2022-02-22 05:33:17+00:00,419.0
incubator-wayang-website,HTML,4,14,368.0,2021-02-13 21:38:33+00:00,2025-10-16 09:51:16+00:00,1705.0
openwhisk-vscode-extension,TypeScript,11,8,12.0,2021-01-12 07:23:12+00:00,2021-09-25 01:32:39+00:00,255.0
openwhisk-intellij-plugin,Java,5,6,14.0,2021-01-12 07:23:12+00:00,2021-06-08 08:16:27+00:00,147.0
solr-sandbox,Java,14,15,75.0,2021-02-03 21:32:57+00:00,2025-11-21 16:56:16+00:00,1751.0
sling-org-apache-sling-jcr-maintenance,Java,2,4,29.0,2021-01-19 16:16:26+00:00,2025-08-06 12:20:02+00:00,1659.0
uima-build-jenkins-shared-library,Groovy,2,2,38.0,2021-01-25 14:23:36+00:00,2023-09-25 13:58:31+00:00,972.0
comdev-fosdem-static,,2,3,11.0,2021-01-31 12:55:13+00:00,2021-02-05 04:40:39+00:00,4.0
sling-org-apache-sling-scripting-spi,Java,1,3,28.0,2021-01-29 09:33:30+00:00,2025-08-06 12:20:02+00:00,1650.0
comdev-fosdem-content,HTML,3,6,20.0,2021-01-31 12:56:52+00:00,2021-12-31 19:34:36+00:00,334.0
river-ldj-tests,,1,0,0.0,,,
buildstream,Python,104,41,8340.0,2016-11-06 05:38:28+00:00,2025-11-21 10:41:29+00:00,3302.0
openoffice-docs,,4,10,131.0,2021-02-03 02:59:23+00:00,2023-11-18 06:34:04+00:00,1018.0
infrastructure-roundtrip,Python,0,2,25.0,2021-02-05 17:27:34+00:00,2021-02-10 21:59:08+00:00,5.0
solr-site,HTML,14,32,2030.0,2010-11-30 15:03:45+00:00,2025-11-06 23:49:17+00:00,5455.0
trafficserver-ci,Shell,4,14,622.0,2021-02-18 23:35:47+00:00,2025-10-29 17:58:33+00:00,1713.0
infrastructure-occ,Python,1,3,48.0,2021-02-16 10:46:22+00:00,2025-02-06 18:52:20+00:00,1451.0
solr,Java,1510,787,38547.0,2001-09-11 21:44:36+00:00,2025-11-20 14:11:39+00:00,8835.0
camel-performance-tests,Java,8,9,376.0,2021-03-10 12:22:56+00:00,2025-07-16 12:18:40+00:00,1588.0
daffodil-schema.g8,Scala,2,7,15.0,2021-02-25 18:42:05+00:00,2025-02-26 22:09:39+00:00,1462.0
tvm-rfcs,,109,80,86.0,2021-02-26 19:07:40+00:00,2024-09-24 01:41:49+00:00,1305.0
lucene,Java,3243,1252,38721.0,2001-09-11 21:44:36+00:00,2025-11-20 13:22:56+00:00,8835.0
infrastructure-aardvark-proxy,Python,3,2,106.0,2021-02-24 10:32:26+00:00,2024-06-04 21:08:15+00:00,1196.0
incubator-teaclave-verification,Isabelle,2,6,10.0,2021-02-26 04:40:05+00:00,2022-01-29 20:12:29+00:00,337.0
iotdb-bin-resources,,15,24,127.0,2021-04-23 16:03:15+00:00,2024-12-18 08:50:21+00:00,1334.0
infrastructure-svnauthz,Python,4,3,103.0,2021-03-12 04:40:14+00:00,2025-11-10 17:19:48+00:00,1704.0
kibble,Python,35,10,8.0,2021-03-01 10:15:56+00:00,2023-08-03 15:39:17+00:00,885.0
apachecon-acasia,HTML,21,82,694.0,2021-03-07 22:01:47+00:00,2025-09-26 02:28:07+00:00,1663.0
flink-statefun-playground,Java,133,59,53.0,2021-03-15 11:36:01+00:00,2023-09-19 10:00:24+00:00,917.0
fineract-open-banking-app,Kotlin,3,12,30.0,2020-07-21 20:02:59+00:00,2020-08-26 06:42:21+00:00,35.0
datasketches-memory16,Java,2,2,5.0,2021-03-16 00:19:02+00:00,2021-03-29 22:25:35+00:00,13.0
skywalking-goapi,Shell,47,29,113.0,2021-03-25 08:47:45+00:00,2025-10-21 00:05:46+00:00,1670.0
grails-plugins-metadata,,2,11,234.0,2021-03-18 10:51:09+00:00,2025-11-16 18:37:09+00:00,1704.0
flink-ml,Java,326,92,282.0,2021-03-29 06:19:04+00:00,2024-11-04 06:52:29+00:00,1316.0
skywalking-banyandb,Go,325,102,850.0,2021-03-29 05:31:48+00:00,2025-11-21 05:36:22+00:00,1698.0
skywalking-kubernetes-event-exporter,Go,39,14,29.0,2021-03-23 10:30:41+00:00,2023-10-26 09:27:05+00:00,946.0
incubator-kie-kogito-online-staging,CSS,3,5,199.0,2021-03-31 18:01:56+00:00,2023-11-22 15:53:00+00:00,965.0
ozone-go,Go,5,11,9.0,2021-04-02 22:09:11+00:00,2022-09-02 06:57:53+00:00,517.0
fundraising-site,HTML,1,4,10.0,2021-04-05 19:01:00+00:00,2021-05-08 12:58:12+00:00,32.0
streampark-quickstart,Shell,74,72,82.0,2021-05-07 14:38:44+00:00,2025-01-23 03:34:05+00:00,1356.0
flink-jira-bot,Python,9,7,66.0,2021-04-07 18:40:13+00:00,2021-07-29 07:23:39+00:00,112.0
treasurer-site,HTML,1,5,76.0,2021-04-08 17:57:20+00:00,2025-05-28 23:52:51+00:00,1511.0
template-site,HTML,8,6,808.0,2021-04-09 16:50:21+00:00,2022-07-21 12:05:36+00:00,467.0
sling-org-apache-sling-auth-saml2,Java,3,5,149.0,2020-02-14 21:27:41+00:00,2025-08-06 12:20:02+00:00,1999.0
tika-helm,Smarty,32,22,60.0,2021-04-07 17:53:09+00:00,2025-08-22 06:22:53+00:00,1597.0
skywalking-kong,Java,31,12,22.0,2021-04-16 16:21:20+00:00,2022-07-08 13:27:30+00:00,447.0
eventmesh-site,TypeScript,24,48,453.0,2021-04-20 01:46:18+00:00,2025-05-21 09:31:57+00:00,1492.0
arrow-rs,Rust,3233,1050,7152.0,2016-02-05 20:08:35+00:00,2025-11-21 15:41:38+00:00,3576.0
datafusion,Rust,8043,1773,11938.0,2016-02-05 20:08:35+00:00,2025-11-21 18:11:33+00:00,3576.0
royale-official-site,,1,0,0.0,,,
qpid-protonj2,Java,17,13,2369.0,2017-06-22 22:29:04+00:00,2025-10-13 15:24:40+00:00,3034.0
cloudstack-terraform-provider,Go,45,55,537.0,2014-12-10 21:20:52+00:00,2025-10-24 04:24:42+00:00,3970.0
www-site,JavaScript,58,141,1870.0,2021-04-24 14:33:34+00:00,2025-11-21 16:49:27+00:00,1672.0
tomee-bval,,1,0,0.0,,,
sis-site,HTML,7,6,598.0,2012-07-07 02:42:09+00:00,2025-10-06 08:21:12+00:00,4839.0
incubator-kie-kogito-benchmarks,Java,1,9,38.0,2021-04-30 11:13:02+00:00,2023-11-13 08:32:22+00:00,926.0
felix-antora-site,HTML,1,11,1253.0,2012-12-13 12:34:21+00:00,2025-10-13 08:11:36+00:00,4686.0
felix-antora,,1,2,19.0,2020-09-01 18:14:13+00:00,2025-03-26 17:24:06+00:00,1666.0
felix-antora-ui,Handlebars,1,2,7.0,2020-09-01 18:13:21+00:00,2021-07-21 23:00:24+00:00,323.0
daffodil-vscode,TypeScript,15,26,975.0,2015-09-06 22:16:23+00:00,2025-11-18 16:55:25+00:00,3725.0
felix-site-pub,HTML,2,2,400.0,2013-01-08 18:21:32+00:00,2025-10-13 08:15:15+00:00,4660.0
shenyu-website,TypeScript,77,236,1179.0,2021-01-19 15:36:13+00:00,2025-11-20 02:16:53+00:00,1765.0
tomee-release-tools,Java,1,3,97.0,2012-01-10 10:06:57+00:00,2022-10-11 13:47:42+00:00,3927.0
apisix-java-plugin-runner,Java,144,100,99.0,2021-05-18 09:08:49+00:00,2025-04-02 02:16:52+00:00,1414.0
.github,,37,120,13.0,2021-05-18 15:13:14+00:00,2025-09-03 17:39:18+00:00,1569.0
apisix-go-plugin-runner,Go,189,68,100.0,2021-05-17 07:09:58+00:00,2024-01-23 02:22:19+00:00,980.0
bval-site,HTML,3,2,33.0,2021-05-31 19:58:34+00:00,2025-03-16 16:57:41+00:00,1384.0
ctakes-site,Python,1,2,21.0,2021-05-31 19:58:59+00:00,2025-03-05 22:25:39+00:00,1374.0
gora-site,HTML,1,5,16.0,2021-05-31 19:59:17+00:00,2025-05-05 07:05:48+00:00,1434.0
olingo-site,HTML,3,3,39.0,2021-05-31 19:59:40+00:00,2025-04-08 18:24:57+00:00,1407.0
openjpa-site,Python,1,2,39.0,2021-05-31 20:00:27+00:00,2025-05-21 06:24:06+00:00,1450.0
river-site,HTML,1,2,23.0,2021-05-31 20:00:52+00:00,2021-06-17 19:27:57+00:00,16.0
openwebbeans-site,HTML,1,2,39.0,2021-05-31 20:00:39+00:00,2025-01-12 21:24:38+00:00,1322.0
oozie-site,,1,2,1.0,2021-05-31 20:00:02+00:00,2021-05-31 20:00:02+00:00,0.0
fineract-cn-mobile-wallet,,1,4,1.0,2021-06-29 13:43:29+00:00,2021-06-29 13:43:29+00:00,0.0
infrastructure-pelican,Python,2,13,309.0,2021-06-09 07:36:18+00:00,2025-09-21 10:52:51+00:00,1565.0
grails-gradle-plugin,,6,9,1049.0,2014-09-23 07:19:07+00:00,2025-04-15 16:12:36+00:00,3857.0
chemistry-site,HTML,3,2,14.0,2021-06-14 19:41:46+00:00,2025-02-12 16:45:54+00:00,1338.0
httpd-site,HTML,6,13,182.0,2021-06-24 20:32:01+00:00,2025-09-26 10:47:27+00:00,1554.0
arrow-experimental-rs-parquet2,,2,1,3042.0,2016-02-05 20:08:35+00:00,2021-07-08 15:58:24+00:00,1979.0
cloudstack-go,Go,37,37,303.0,2014-09-08 06:13:44+00:00,2025-10-21 13:15:49+00:00,4061.0
netbeans-native-launchers,C++,4,6,51.0,2018-05-06 05:27:25+00:00,2025-10-17 11:32:28+00:00,2721.0
sling-org-apache-sling-sitemap,Java,3,10,55.0,2021-06-25 13:41:32+00:00,2025-08-06 12:20:02+00:00,1502.0
arrow-experimental-rs-arrow2,,3,1,3040.0,2016-02-05 20:08:35+00:00,2021-07-08 15:58:02+00:00,1979.0
auron,Rust,1645,191,1607.0,2021-06-28 07:28:48+00:00,2025-11-18 08:38:25+00:00,1604.0
incubator-devlake,Go,2866,655,5604.0,2021-08-24 08:25:04+00:00,2025-11-03 03:53:14+00:00,1531.0
kyuubi-website,HTML,12,37,235.0,2021-06-30 09:44:23+00:00,2025-11-20 07:13:05+00:00,1603.0
camel-kameleon,Java,41,13,159.0,2021-03-27 02:23:54+00:00,2025-02-25 22:25:39+00:00,1431.0
rocketmq-streams,Java,177,82,811.0,2021-07-13 13:07:47+00:00,2023-08-11 08:42:38+00:00,758.0
poi-site,,1,0,0.0,,,
nutch-webapp,Java,10,5,2.0,2021-07-12 15:26:59+00:00,2021-07-14 03:35:53+00:00,1.0
arrow-cookbook,C++,105,48,197.0,2021-07-14 21:42:28+00:00,2025-09-02 11:28:19+00:00,1510.0
poi-xmlbeans-site,,1,0,0.0,,,
kvrocks-controller,TypeScript,119,64,224.0,2021-07-31 07:59:57+00:00,2025-11-21 07:53:48+00:00,1573.0
infrastructure-blocky4,Python,0,1,124.0,2021-08-02 15:04:05+00:00,2025-11-11 17:54:53+00:00,1562.0
sling-org-apache-sling-thumbnails,Java,3,2,19.0,2021-08-11 01:04:36+00:00,2025-08-06 12:20:02+00:00,1456.0
apisix-python-plugin-runner,Python,39,24,55.0,2021-08-02 14:31:02+00:00,2022-09-19 06:00:10+00:00,412.0
sling-org-apache-sling-graphql-schema-aggregator,Java,1,3,16.0,2021-07-15 15:55:46+00:00,2025-08-06 12:20:02+00:00,1482.0
fineract-credit-scorecard,Java,22,28,65.0,2021-05-05 09:26:59+00:00,2022-07-13 03:35:49+00:00,433.0
incubator-resilientdb-blog,SCSS,4,39,1050.0,2017-10-07 10:04:40+00:00,2025-11-18 01:59:28+00:00,2963.0
iotdb-web-workbench,Java,64,38,42.0,2021-08-17 05:55:57+00:00,2023-04-03 08:49:03+00:00,594.0
rocketmq-dashboard,Java,1283,616,226.0,2017-03-16 01:58:57+00:00,2025-08-30 11:25:05+00:00,3089.0
age-viewer,JavaScript,330,259,559.0,2020-07-23 07:38:34+00:00,2024-03-22 00:12:08+00:00,1337.0
rocketmq-flink,Java,170,103,104.0,2017-04-05 05:10:45+00:00,2025-03-06 09:18:02+00:00,2892.0
otava,Python,79,20,237.0,2020-11-14 10:36:40+00:00,2025-11-13 07:18:37+00:00,1824.0
skywalking-java,Java,876,665,7114.0,2015-11-07 03:30:37+00:00,2025-11-20 15:22:39+00:00,3666.0
skywalking-banyandb-java-client,Java,21,13,130.0,2021-08-31 03:55:22+00:00,2025-10-14 01:51:21+00:00,1504.0
turbine-site,,2,2,103.0,2007-06-25 02:28:06+00:00,2025-09-10 13:11:57+00:00,6652.0
turbine-fulcrum-json,Java,1,3,177.0,2013-10-30 09:10:55+00:00,2025-11-14 10:36:04+00:00,4398.0
turbine-fulcrum-security,Java,2,2,242.0,2007-10-25 16:29:42+00:00,2025-04-23 12:38:53+00:00,6389.0
turbine-fulcrum-yaafi,Java,1,3,147.0,2007-07-05 11:40:53+00:00,2025-04-23 12:40:09+00:00,6502.0
turbine-fulcrum-cache,,1,2,85.0,2007-09-10 17:07:51+00:00,2025-04-23 12:33:14+00:00,6434.0
turbine-fulcrum-quartz,Java,1,3,82.0,2007-10-25 16:29:42+00:00,2025-04-23 12:38:17+00:00,6389.0
turbine-fulcrum-pool,Java,1,2,60.0,2007-10-25 16:29:42+00:00,2025-04-23 12:37:32+00:00,6389.0
turbine-fulcrum-parser,Java,1,3,126.0,2007-10-25 16:29:42+00:00,2025-04-23 12:36:32+00:00,6389.0
turbine-fulcrum-factory,Java,1,2,61.0,2007-10-25 16:29:42+00:00,2025-04-23 12:35:26+00:00,6389.0
turbine-fulcrum-intake,Java,1,3,330.0,2007-10-25 16:29:42+00:00,2025-04-23 12:35:56+00:00,6389.0
turbine-fulcrum-crypto,Java,1,3,65.0,2007-10-04 08:26:18+00:00,2025-04-23 12:34:08+00:00,6411.0
turbine-fulcrum-localization,Java,1,2,71.0,2007-10-25 16:29:42+00:00,2025-04-23 12:36:15+00:00,6389.0
turbine-fulcrum-testcontainer,Java,1,2,119.0,2007-10-25 16:29:42+00:00,2025-04-23 12:39:36+00:00,6389.0
turbine-fulcrum-yaafi-crypto,Java,1,3,106.0,2008-07-21 16:35:30+00:00,2025-04-23 12:42:12+00:00,6119.0
turbine-parent,,1,2,137.0,2011-11-08 01:43:46+00:00,2025-09-10 09:13:48+00:00,5055.0
airflow-flask-openid-fork,Python,0,2,87.0,2010-05-06 11:09:19+00:00,2021-09-08 10:11:45+00:00,4142.0
turbine-fulcrum-build,,1,2,33.0,2021-09-21 15:36:50+00:00,2024-12-13 15:55:33+00:00,1179.0
skywalking-showcase,Makefile,126,73,404.0,2021-10-24 14:06:12+00:00,2025-11-21 13:08:04+00:00,1488.0
turbine-fulcrum-upload,Java,1,2,71.0,2007-10-25 16:29:42+00:00,2025-04-23 12:39:55+00:00,6389.0
turbine-fulcrum-site,,1,2,39.0,2008-06-27 20:16:44+00:00,2025-09-10 13:25:40+00:00,6283.0
linkis-website,JavaScript,33,114,1258.0,2021-09-27 09:27:25+00:00,2025-10-17 09:02:15+00:00,1480.0
rocketmq-apis,Starlark,27,23,93.0,2021-10-01 10:47:25+00:00,2025-10-14 11:41:18+00:00,1474.0
asterixdb-clients,Java,3,2,31.0,2021-10-01 22:51:20+00:00,2023-10-23 05:28:28+00:00,751.0
camel-karavan,TypeScript,547,202,2110.0,2021-10-05 03:21:04+00:00,2025-11-19 01:01:40+00:00,1505.0
jackrabbit-filevault-jenkins-lib,Groovy,1,2,36.0,2021-10-07 07:02:26+00:00,2025-09-25 16:27:10+00:00,1449.0
maven-gh-actions-shared,,7,11,77.0,2021-10-14 07:46:04+00:00,2025-11-18 01:06:56+00:00,1495.0
cassandra-accord,Java,84,21,267.0,2021-09-04 22:39:44+00:00,2025-11-14 14:25:34+00:00,1531.0
sdap-in-situ-data-services,Python,4,5,242.0,2021-04-30 16:02:50+00:00,2024-03-01 20:37:09+00:00,1036.0
datasketches-experimentation,Jupyter Notebook,2,2,3.0,2021-10-26 21:59:12+00:00,2021-11-04 22:13:16+00:00,9.0
infrastructure-dlstats,HTML,3,1,21.0,2021-10-26 20:24:45+00:00,2023-08-14 15:25:50+00:00,656.0
rocketmq-cloudevents,Java,8,1,7.0,2019-03-29 05:31:15+00:00,2021-11-16 01:06:22+00:00,962.0
cxf-site,Java,1,3,1.0,2021-11-05 18:16:02+00:00,2021-11-05 18:16:02+00:00,0.0
openoffice-externals,,2,1,10.0,2021-11-16 12:23:25+00:00,2021-11-26 00:31:36+00:00,9.0
incubator-kie-sandbox-quarkus-accelerator,,5,11,10.0,2021-11-16 21:10:21+00:00,2024-04-15 20:29:22+00:00,880.0
pulsar-site,HTML,40,200,3067.0,2021-11-17 23:26:40+00:00,2025-11-21 07:39:13+00:00,1464.0
dolphinscheduler-ambari,Python,10,14,7.0,2022-01-07 10:39:52+00:00,2023-01-30 15:08:31+00:00,388.0
infrastructure-pypubsub-ldap,Python,0,0,10.0,2021-11-22 15:02:36+00:00,2025-05-21 18:00:29+00:00,1276.0
shenyu-nginx,Lua,30,17,24.0,2021-11-23 11:55:16+00:00,2024-04-21 16:13:30+00:00,880.0
iceberg-docs,SCSS,42,95,291.0,2021-12-04 22:08:14+00:00,2024-02-05 22:31:53+00:00,793.0
infrastructure-github-event-notifier,Python,1,5,139.0,2022-01-19 20:35:55+00:00,2025-07-20 09:19:09+00:00,1277.0
maven-wrapper,Java,231,67,488.0,2013-03-04 16:21:40+00:00,2025-11-10 01:02:51+00:00,4633.0
skywalking-booster-ui,Vue,200,153,649.0,2021-12-08 08:06:25+00:00,2025-11-21 03:02:59+00:00,1443.0
incubator-gluten,Scala,1473,546,5755.0,2021-12-06 09:00:52+00:00,2025-11-21 17:40:06+00:00,1446.0
turbine-build,,0,0,26.0,2021-12-09 16:23:59+00:00,2025-06-20 11:44:04+00:00,1288.0
celeborn,Java,1018,406,2516.0,2021-12-10 08:57:16+00:00,2025-11-21 08:33:57+00:00,1441.0
arrow-experiments,C++,24,19,49.0,2024-02-09 19:20:21+00:00,2025-11-06 17:20:33+00:00,635.0
seatunnel-website,MDX,61,209,298.0,2021-12-23 09:20:29+00:00,2025-11-13 10:12:59+00:00,1421.0
solr-docker,Dockerfile,31,30,52.0,2022-04-08 16:00:19+00:00,2025-11-06 16:14:40+00:00,1308.0
echarts-wordcloud-generator,Vue,0,1,14.0,2021-09-28 06:18:46+00:00,2022-11-28 10:04:48+00:00,426.0
streampark-website,Less,26,94,685.0,2022-01-04 11:04:27+00:00,2025-11-05 08:58:34+00:00,1400.0
maven-build-cache-extension,Java,148,56,387.0,2021-10-16 12:32:24+00:00,2025-11-18 07:49:45+00:00,1493.0
paimon,Java,3085,1210,5089.0,2022-01-12 03:33:21+00:00,2025-11-21 07:06:25+00:00,1409.0
airavata-jupyter-kernel,,0,0,1.0,2022-01-26 20:12:34+00:00,2022-01-26 20:12:34+00:00,0.0
db-site,HTML,2,4,22.0,2022-01-17 19:40:09+00:00,2025-11-05 22:32:28+00:00,1388.0
hive-site,CSS,6,36,130.0,2022-01-21 20:02:42+00:00,2025-11-20 08:19:55+00:00,1398.0
rocketmq-mqtt,Java,198,69,338.0,2022-02-23 07:53:39+00:00,2025-10-28 05:56:59+00:00,1342.0
ratis-hadoop-projects,Java,1,5,1269.0,2016-04-04 09:34:30+00:00,2022-02-03 10:24:44+00:00,2131.0
hertzbeat,Java,6825,1201,2673.0,2021-11-10 12:07:27+00:00,2025-11-21 08:28:21+00:00,1471.0
camel-website-pub,HTML,3,4,13.0,2018-02-11 07:40:59+00:00,2025-11-12 14:33:21+00:00,2831.0
beam-starter-java,Java,7,11,151.0,2022-03-03 19:35:45+00:00,2025-11-18 02:04:20+00:00,1355.0
beam-starter-python,Python,20,12,70.0,2022-03-03 19:49:53+00:00,2025-11-21 15:37:35+00:00,1358.0
beam-starter-go,Go,10,5,81.0,2022-03-03 19:48:20+00:00,2025-11-21 15:38:05+00:00,1358.0
beam-starter-scala,,0,1,1.0,2022-03-03 19:50:29+00:00,2022-03-03 19:50:29+00:00,0.0
beam-starter-kotlin,Kotlin,6,2,9.0,2022-03-03 19:48:45+00:00,2022-12-14 02:48:39+00:00,285.0
rocketmq-eventbridge,Java,147,50,206.0,2022-04-13 11:39:37+00:00,2024-10-19 07:17:54+00:00,919.0
shenyu-client-python,Python,11,11,22.0,2022-02-21 03:27:11+00:00,2025-01-04 15:05:57+00:00,1048.0
uima-uimaj-io-jsoncas,Java,2,1,408.0,2014-09-26 17:41:20+00:00,2024-02-24 09:19:09+00:00,3437.0
doris-manager,Java,187,86,58.0,2022-02-10 06:43:40+00:00,2023-07-07 04:49:40+00:00,511.0
doris-spark-connector,Java,102,113,260.0,2019-11-22 07:38:05+00:00,2025-11-21 02:17:24+00:00,2190.0
flink-kubernetes-operator,Java,955,500,1012.0,2022-02-11 03:12:35+00:00,2025-11-04 09:54:03+00:00,1362.0
rocketmq-client-csharp,C#,18,9,13.0,2022-02-11 13:57:45+00:00,2022-06-28 09:26:02+00:00,136.0
doris-flink-connector,Java,366,257,386.0,2021-04-23 01:43:48+00:00,2025-11-21 03:18:04+00:00,1673.0
security-site,CSS,8,8,223.0,2023-04-12 09:51:21+00:00,2025-11-20 16:00:30+00:00,953.0
opendal,Rust,4600,663,3856.0,2022-02-14 05:19:15+00:00,2025-11-21 07:23:37+00:00,1376.0
grails-forge,,7,10,1334.0,2022-02-02 12:12:44+00:00,2025-06-30 22:12:21+00:00,1244.0
skywalking-rover,Go,229,48,178.0,2022-02-18 03:23:20+00:00,2025-11-11 04:55:02+00:00,1362.0
dubbo-rust,Rust,286,66,220.0,2022-04-03 03:26:36+00:00,2024-07-15 10:12:11+00:00,834.0
rocketmq-client-rust,Rust,12,3,6.0,2022-02-24 08:27:59+00:00,2023-03-12 01:45:51+00:00,380.0
ant-antlibs-s3,Java,0,1,24.0,2022-03-01 04:30:38+00:00,2022-03-31 15:49:59+00:00,30.0
steve-website,,0,0,2.0,2022-03-05 22:58:48+00:00,2022-03-05 23:00:15+00:00,0.0
camel-kamelets-examples,Java,22,19,298.0,2022-03-11 13:10:39+00:00,2025-07-29 18:35:00+00:00,1236.0
opendal-reqsign,Rust,146,53,439.0,2022-03-12 08:40:12+00:00,2025-11-13 13:00:30+00:00,1342.0
shardingsphere-on-cloud,Go,87,31,949.0,2022-03-14 07:04:22+00:00,2024-07-06 07:42:01+00:00,845.0
infrastructure-commitbot,Python,0,0,26.0,2022-03-16 01:25:28+00:00,2023-06-12 14:05:52+00:00,453.0
drill-test-framework,Euphoria,1,2,970.0,2015-08-20 01:24:19+00:00,2024-08-20 06:05:44+00:00,3288.0
shenyu-helm-chart,Smarty,16,10,30.0,2022-03-21 06:52:35+00:00,2024-07-22 08:35:22+00:00,854.0
flink-connector-elasticsearch,Java,87,103,371.0,2022-03-28 13:11:53+00:00,2025-05-21 07:41:49+00:00,1149.0
infrastructure-gha-notifier,Python,0,1,32.0,2022-03-26 13:02:03+00:00,2025-06-05 17:05:55+00:00,1167.0
libcloud-site,HTML,4,5,113.0,2022-03-27 18:06:21+00:00,2025-03-19 10:42:07+00:00,1087.0
uima-site,HTML,1,0,972.0,2010-04-12 15:19:34+00:00,2024-03-08 09:48:51+00:00,5078.0
airavata-user-docs,,0,0,240.0,2016-03-02 18:44:47+00:00,2023-08-16 21:31:59+00:00,2723.0
buildstream-plugins,Python,5,11,249.0,2022-03-21 04:43:46+00:00,2025-10-24 06:46:29+00:00,1313.0
shenyu-client-dotnet,C#,10,9,28.0,2022-04-18 10:04:09+00:00,2025-07-24 12:19:12+00:00,1193.0
logging-flume-search,Java,0,4,6.0,2022-04-04 08:44:16+00:00,2023-03-29 19:55:00+00:00,359.0
airavata-custos-docs,,0,0,0.0,,,
incubator-devlake-website,TypeScript,39,109,831.0,2022-04-22 04:55:18+00:00,2025-10-21 03:46:08+00:00,1277.0
shenyu-client-golang,Go,16,12,38.0,2022-04-18 09:58:04+00:00,2025-01-04 15:06:21+00:00,992.0
kvrocks-website,TypeScript,20,52,363.0,2022-05-15 08:20:45+00:00,2025-11-21 02:40:02+00:00,1285.0
flink-connector-redis-streams,,18,5,6.0,2022-05-02 11:54:34+00:00,2023-02-08 15:57:17+00:00,282.0
datasketches-memory17,Java,0,1,38.0,2022-05-05 00:38:16+00:00,2023-10-23 16:34:41+00:00,536.0
tomee-mbean-annotation-api,,0,0,0.0,,,
rocketmq-e2e,Java,16,18,32.0,2022-05-10 11:45:16+00:00,2023-10-26 09:17:15+00:00,533.0
incubator-kie-kogito-docs,JavaScript,14,60,468.0,2022-05-09 17:59:36+00:00,2025-11-17 15:46:05+00:00,1287.0
flink-connector-rabbitmq,Java,23,15,122.0,2022-05-13 07:41:09+00:00,2024-04-19 10:14:21+00:00,707.0
qpid-proton-dotnet,C#,13,5,615.0,2021-05-21 18:42:54+00:00,2025-03-06 15:30:48+00:00,1384.0
datafusion-ballista,Rust,1898,249,4484.0,2016-02-05 20:08:35+00:00,2025-11-19 15:26:02+00:00,3574.0
incubator-horaedb-proto,Rust,8,18,113.0,2022-05-25 07:05:12+00:00,2024-09-30 09:46:33+00:00,859.0
dolphinscheduler-mlflow,Python,6,7,8.0,2022-05-17 02:53:11+00:00,2023-02-15 09:24:43+00:00,274.0
asterixdb-graph,Java,1,0,11.0,2021-11-04 20:41:07+00:00,2022-09-25 21:29:42+00:00,325.0
incubator-horaedb-meta,Go,27,16,214.0,2022-06-02 03:05:43+00:00,2024-01-25 07:46:12+00:00,602.0
arrow-adbc,C#,517,164,2186.0,2022-06-01 20:09:34+00:00,2025-11-20 02:04:53+00:00,1267.0
sling-maven-enforcer-rules,Java,0,0,34.0,2022-06-03 08:35:07+00:00,2025-08-06 12:20:02+00:00,1160.0
royale-pelican,,0,0,0.0,,,
horaedb,Rust,2804,224,1283.0,2022-05-26 08:06:22+00:00,2025-10-28 14:49:42+00:00,1251.0
horaedb-client-java,Java,22,13,67.0,2022-06-08 08:15:36+00:00,2024-08-14 07:50:34+00:00,797.0
infrastructure-github-discussions-notifier,Python,0,1,26.0,2022-06-16 09:22:57+00:00,2024-11-27 15:19:32+00:00,895.0
rocketmq-clients,Java,445,270,1270.0,2021-03-26 15:31:02+00:00,2025-11-07 02:08:09+00:00,1686.0
uniffle,Java,429,163,1454.0,2021-10-29 08:05:32+00:00,2025-11-21 08:00:30+00:00,1483.0
royale-pelican-website,HTML,1,2,61.0,2022-06-21 08:45:39+00:00,2022-07-05 17:00:39+00:00,14.0
infrastructure-website-template,HTML,1,0,12.0,2022-06-21 23:25:34+00:00,2023-06-14 11:16:07+00:00,357.0
incubator-kie-kogito-serverless-operator,Go,19,44,1042.0,2019-04-22 17:36:59+00:00,2024-11-14 09:09:11+00:00,2032.0
airavata-admin-user-docs,,0,1,251.0,2016-03-02 18:44:47+00:00,2023-08-16 21:29:33+00:00,2723.0
dolphinscheduler-operator,Go,28,20,47.0,2022-05-25 07:03:43+00:00,2022-09-27 12:15:52+00:00,125.0
lucene-jira-archive,Python,3,6,161.0,2022-06-29 09:43:01+00:00,2023-07-26 08:20:59+00:00,391.0
attic-site,Python,2,6,926.0,2009-01-01 10:50:36+00:00,2025-04-19 09:27:58+00:00,5951.0
arrow-nanoarrow,C,210,49,671.0,2022-07-08 15:36:50+00:00,2025-11-21 14:40:03+00:00,1231.0
horaedb-client-rs,Rust,17,16,55.0,2022-07-05 08:39:44+00:00,2025-06-13 07:17:59+00:00,1073.0
horaedb-client-py,Rust,10,6,40.0,2022-07-05 08:40:23+00:00,2024-11-26 06:55:20+00:00,874.0
infrastructure-download-integrity-checker,Python,0,0,71.0,2022-07-06 08:26:41+00:00,2022-08-16 21:49:24+00:00,41.0
rocketmq-schema-registry,Java,34,20,104.0,2022-07-08 07:57:34+00:00,2023-05-23 02:19:25+00:00,318.0
amoro,Java,1071,362,1751.0,2022-07-19 02:58:42+00:00,2025-11-21 08:25:58+00:00,1221.0
datafusion-python,Python,525,133,513.0,2022-07-21 09:05:45+00:00,2025-11-18 20:09:12+00:00,1216.0
flink-connector-aws,Java,73,73,192.0,2022-07-27 15:01:19+00:00,2025-05-28 09:42:53+00:00,1035.0
juddi-scout,Java,1,0,557.0,2004-11-09 15:14:12+00:00,2023-02-21 23:24:40+00:00,6678.0
trafficcontrol-trafficops-types,TypeScript,0,4,88.0,2022-04-28 03:14:21+00:00,2023-07-05 19:07:36+00:00,433.0
doris-thirdparty,,45,53,42.0,2022-08-03 05:14:43+00:00,2025-10-24 01:57:23+00:00,1177.0
rocketmq-awesome,,7,2,42.0,2022-08-03 01:49:20+00:00,2022-08-18 03:09:29+00:00,15.0
apisix-profiler,C,20,12,5.0,2022-08-05 07:28:52+00:00,2022-10-27 02:46:16+00:00,82.0
infrastructure-artifacts-configuration,,1,0,32.0,2022-08-05 10:43:44+00:00,2024-05-28 21:23:53+00:00,662.0
infrastructure-asfpy,Python,3,3,182.0,2022-07-30 13:41:11+00:00,2025-10-18 05:25:05+00:00,1175.0
uniffle-website,JavaScript,7,16,119.0,2022-08-26 03:42:04+00:00,2025-09-25 08:08:14+00:00,1126.0
dubbo-go-pixiu-samples,Go,19,29,325.0,2022-02-27 03:58:09+00:00,2025-11-09 13:34:41+00:00,1351.0
dolphinscheduler-studio,TypeScript,5,7,64.0,2022-08-29 06:39:30+00:00,2022-09-26 00:45:05+00:00,27.0
unomi-tracker,JavaScript,4,2,48.0,2022-08-31 15:03:43+00:00,2025-04-02 16:29:21+00:00,945.0
horaedb-client-go,Go,6,11,42.0,2022-08-31 09:42:32+00:00,2024-05-30 06:52:45+00:00,637.0
pulsar-client-reactive,Java,63,21,181.0,2022-09-09 20:20:13+00:00,2025-10-15 11:10:59+00:00,1131.0
skywalking-php,Rust,174,19,116.0,2022-08-31 02:04:43+00:00,2025-07-14 16:56:58+00:00,1048.0
flink-connector-opensearch,Java,23,30,54.0,2022-09-12 18:08:34+00:00,2025-07-24 00:49:13+00:00,1045.0
shenyu-watcher,Java,9,3,11.0,2022-09-13 04:15:52+00:00,2024-11-23 11:16:22+00:00,802.0
incubator-graphar,C++,312,77,385.0,2022-11-29 14:27:18+00:00,2025-11-11 03:11:50+00:00,1077.0
incubator-resilientdb-python-sdk,Python,6,6,122.0,2022-06-05 04:54:46+00:00,2025-06-28 11:59:14+00:00,1119.0
jmeter-bugzilla-attachments,Java,1,0,3.0,2022-09-21 11:23:14+00:00,2022-09-23 13:41:48+00:00,2.0
seatunnel-web,Java,755,332,2329.0,2017-08-05 14:30:14+00:00,2025-07-24 11:45:55+00:00,2909.0
dubbo-test-tools,Java,4,6,12.0,2022-09-26 12:45:35+00:00,2025-09-11 12:43:43+00:00,1080.0
pulsar-client-python,Python,72,48,321.0,2017-06-15 23:24:30+00:00,2025-11-17 09:42:09+00:00,3076.0
pulsar-client-cpp,C++,63,74,1064.0,2017-02-07 20:37:51+00:00,2025-11-19 09:04:59+00:00,3206.0
answer,Go,15131,1241,5397.0,2022-09-27 09:59:05+00:00,2025-10-30 02:47:10+00:00,1128.0
spark-docker,Dockerfile,151,50,85.0,2022-10-10 08:40:34+00:00,2025-11-20 01:41:52+00:00,1136.0
flink-connector-mongodb,Java,49,31,62.0,2022-10-10 11:15:46+00:00,2025-03-17 09:44:26+00:00,888.0
answer-website,TypeScript,44,56,757.0,2022-10-10 06:58:49+00:00,2025-11-21 06:09:41+00:00,1137.0
flink-connector-shared-utils,,14,21,3.0,2022-10-20 10:44:11+00:00,2023-07-05 08:40:43+00:00,257.0
buildstream-site,HTML,3,1,20.0,2023-09-05 22:15:42+00:00,2025-05-08 16:42:55+00:00,610.0
karaf-minho,Java,6,5,225.0,2020-11-09 13:48:22+00:00,2023-01-18 09:12:40+00:00,799.0
netbeans-native-installers,C,0,2,38.0,2017-09-11 13:32:02+00:00,2025-10-17 10:02:36+00:00,2957.0
pekko,Scala,1486,186,27908.0,2009-02-16 12:53:10+00:00,2025-11-20 08:26:03+00:00,6120.0
incubator-devlake-helm-chart,Smarty,44,64,286.0,2022-09-30 05:02:27+00:00,2025-11-13 17:55:10+00:00,1140.0
incubator-kie-issues,,14,1,1.0,2022-10-25 17:22:15+00:00,2022-10-25 17:22:15+00:00,0.0
pekko-http,Scala,179,48,4887.0,2009-02-16 12:53:10+00:00,2025-11-14 18:13:09+00:00,6115.0
pekko-grpc,Scala,47,22,1775.0,2018-02-08 16:28:57+00:00,2025-11-16 06:18:43+00:00,2837.0
pekko-persistence-cassandra,Scala,10,12,1316.0,2013-12-26 06:59:53+00:00,2025-11-02 02:13:43+00:00,4328.0
pekko-management,Scala,25,14,1152.0,2016-11-09 09:33:13+00:00,2025-11-20 23:19:40+00:00,3298.0
pekko-persistence-dynamodb,Scala,9,9,489.0,2014-02-20 02:32:09+00:00,2025-11-09 00:28:56+00:00,4279.0
pekko-persistence-jdbc,Scala,19,23,1244.0,2014-05-23 20:26:15+00:00,2025-11-20 12:37:01+00:00,4198.0
pekko-persistence-r2dbc,Scala,16,10,478.0,2021-09-19 12:40:00+00:00,2025-11-16 06:16:04+00:00,1518.0
pekko-platform-guide,Java,4,6,894.0,2020-08-10 09:06:18+00:00,2024-03-22 15:09:08+00:00,1320.0
pekko-projection,Scala,23,13,866.0,2018-10-12 08:40:21+00:00,2025-11-16 01:39:07+00:00,2591.0
pekko-samples,Scala,60,28,441.0,2011-05-17 01:56:44+00:00,2025-10-26 10:40:03+00:00,5276.0
pekko-connectors,Scala,69,42,3669.0,2016-05-10 11:50:55+00:00,2025-11-20 08:36:11+00:00,3480.0
pekko-connectors-kafka,Scala,26,13,2015.0,2014-12-29 11:40:09+00:00,2025-10-19 08:28:07+00:00,3946.0
teaclave-java-tee-sdk,Java,56,18,74.0,2021-12-24 04:01:47+00:00,2025-07-19 03:20:24+00:00,1302.0
airavata-django-portal-commons,Python,0,0,14.0,2022-10-31 21:35:43+00:00,2023-06-26 16:35:02+00:00,237.0
dolphinscheduler-sdk-python,Python,62,23,92.0,2022-11-07 11:27:35+00:00,2025-07-05 03:03:41+00:00,970.0
flink-connector-cassandra,Java,19,32,209.0,2022-11-10 13:15:07+00:00,2025-10-08 11:45:31+00:00,1062.0
iotdb-tsfile-viewer,Java,22,6,11.0,2022-11-15 07:30:23+00:00,2024-05-29 02:16:39+00:00,560.0
incubator-baremaps-site,MDX,16,13,102.0,2022-11-16 21:15:57+00:00,2025-10-02 13:27:49+00:00,1050.0
sling-org-apache-sling-commons-permissions,Java,0,0,12.0,2022-11-20 13:31:51+00:00,2025-08-06 12:20:02+00:00,989.0
sling-org-apache-sling-commons-permissions-sling,Java,0,0,8.0,2022-11-20 13:35:42+00:00,2025-08-06 12:20:02+00:00,989.0
celeborn-website,Shell,8,37,161.0,2022-11-27 14:12:20+00:00,2025-11-03 06:30:06+00:00,1071.0
flink-connector-kafka,Java,167,170,971.0,2022-11-22 14:38:43+00:00,2025-11-19 14:52:08+00:00,1093.0
flink-connector-pulsar,Java,62,75,249.0,2022-11-23 15:05:46+00:00,2025-10-27 17:04:10+00:00,1069.0
flink-connector-jdbc,Java,165,201,339.0,2022-11-23 22:04:17+00:00,2025-11-19 12:52:43+00:00,1091.0
flink-connector-gcp-pubsub,Java,13,25,113.0,2022-11-23 15:34:09+00:00,2024-11-05 07:54:08+00:00,712.0
flink-connector-hbase,Java,32,37,181.0,2022-11-22 15:00:14+00:00,2025-08-17 07:52:59+00:00,998.0
flink-connector-hive,Java,9,22,782.0,2022-11-23 22:02:40+00:00,2025-02-18 10:14:30+00:00,817.0
logging-log4j-server,Java,0,0,36.0,2016-11-12 07:29:22+00:00,2023-11-14 15:24:38+00:00,2558.0
logging-log4j-samples,Java,7,12,493.0,2023-02-16 20:55:21+00:00,2025-11-11 07:46:43+00:00,998.0
infrastructure-jira-issues-importer,Python,3,3,39.0,2016-08-13 04:47:03+00:00,2025-01-01 19:57:09+00:00,3063.0
infrastructure-jira-to-pubsub,Python,0,0,9.0,2022-11-29 09:15:29+00:00,2024-12-23 09:49:09+00:00,755.0
ctakes,Java,108,21,180.0,2022-11-29 19:55:39+00:00,2025-09-26 02:51:31+00:00,1031.0
infrastructure-jira-issues-import-test,,0,0,0.0,,,
incubator-graphar-testing,,1,9,48.0,2022-11-30 09:43:22+00:00,2025-09-15 07:58:37+00:00,1019.0
netbeans-nbpackage,Java,25,13,229.0,2021-08-17 13:43:53+00:00,2025-10-27 22:48:33+00:00,1532.0
infrastructure-selfserve-portal,Python,3,3,458.0,2022-11-29 21:52:25+00:00,2025-10-21 19:26:13+00:00,1056.0
dolphinscheduler-datawarehouse,,3,2,2.0,2022-12-12 14:49:55+00:00,2023-01-18 05:31:34+00:00,36.0
daffodil-extra,Scala,3,3,6.0,2022-12-15 19:16:18+00:00,2024-01-29 17:24:03+00:00,409.0
incubator-seata-go-samples,Go,42,35,36.0,2022-12-17 12:24:23+00:00,2025-09-20 08:59:26+00:00,1007.0
seatunnel-datasource-sdk,Java,5,4,7.0,2022-12-20 04:17:52+00:00,2022-12-30 03:24:06+00:00,9.0
sling-org-apache-sling-repoinit-filevault-validator,Java,1,0,22.0,2022-12-22 18:45:19+00:00,2025-08-06 12:20:02+00:00,957.0
teaclave-crates,Assembly,8,6,11.0,2025-07-20 08:09:23+00:00,2025-09-03 14:35:38+00:00,45.0
dubbo-initializer,Java,19,14,111.0,2022-12-28 03:11:45+00:00,2024-10-09 02:06:13+00:00,650.0
grails-forge-ui,JavaScript,2,4,122.0,2022-12-30 15:58:44+00:00,2025-10-27 21:40:55+00:00,1032.0
seatunnel-shade,Java,0,2,4.0,2023-11-13 10:28:50+00:00,2025-10-15 06:10:37+00:00,701.0
pekko-sbt-paradox,StringTemplate,4,7,116.0,2023-02-01 17:25:24+00:00,2025-11-16 01:36:38+00:00,1018.0
logging-log4j-transform,Java,5,7,375.0,2023-01-06 03:02:47+00:00,2025-11-17 19:15:27+00:00,1046.0
kyuubi-client,,11,10,4.0,2023-01-09 14:04:59+00:00,2023-01-10 06:12:57+00:00,0.0
pekko-site,HTML,54,12,179.0,2023-01-15 20:24:47+00:00,2025-11-20 10:14:49+00:00,1039.0
kyuubi-docker,Dockerfile,14,7,17.0,2023-01-13 07:12:13+00:00,2025-06-24 02:28:21+00:00,892.0
horaedb-docs,HTML,7,27,148.0,2023-01-16 09:43:41+00:00,2024-12-26 03:11:03+00:00,709.0
openwebbeans-build-tools,,0,0,0.0,,,
beam-starter-typescript,TypeScript,11,4,12.0,2022-12-30 01:45:08+00:00,2025-01-13 14:43:10+00:00,745.0
incubator-resilientdb-resvault,JavaScript,4,8,102.0,2023-01-24 10:36:50+00:00,2025-10-29 22:03:32+00:00,1009.0
incubator-resilientdb-graphql,Python,2,5,97.0,2023-01-24 10:42:50+00:00,2025-07-18 03:06:53+00:00,905.0
arrow-flight-sql-postgresql,C++,99,9,107.0,2023-01-25 06:25:11+00:00,2025-10-28 02:15:43+00:00,1006.0
airavata-data-catalog,Java,10,6,83.0,2023-01-23 20:30:03+00:00,2025-06-23 13:54:44+00:00,881.0
answer-plugins,Go,117,62,617.0,2023-02-01 09:11:41+00:00,2025-11-21 09:57:46+00:00,1024.0
datafusion-ballista-python,Shell,37,9,11.0,2023-02-02 21:28:00+00:00,2024-02-10 15:40:39+00:00,372.0
iotdb-backup-tool,Java,5,2,5.0,2023-02-07 12:26:01+00:00,2023-02-17 01:35:04+00:00,9.0
tac-website,HTML,8,2,76.0,2023-02-10 11:27:02+00:00,2025-10-10 12:32:22+00:00,973.0
couchdb_INFRA-24179,,0,0,13045.0,2008-03-28 22:56:30+00:00,2023-02-16 00:14:09+00:00,5437.0
xmlgraphics,,1,0,1.0,2023-02-10 07:12:37+00:00,2023-02-10 07:12:37+00:00,0.0
infrastructure-viewvc,,0,0,2642.0,1999-12-03 10:50:49+00:00,2023-01-04 14:56:31+00:00,8433.0
rocketmq-test-tool,Shell,4,7,24.0,2023-02-22 08:16:49+00:00,2024-09-29 03:55:58+00:00,584.0
hamilton,Jupyter Notebook,2319,166,1822.0,2019-07-25 21:35:24+00:00,2025-11-17 01:11:17+00:00,2306.0
maven-apache-resources,Java,6,6,228.0,2006-11-19 20:23:18+00:00,2025-11-10 02:06:01+00:00,6930.0
pekko-connectors-samples,Java,5,4,173.0,2018-08-14 15:15:46+00:00,2025-10-22 12:48:20+00:00,2625.0
logging-flume-scribe,,0,0,0.0,,,
logging-flume-spring-boot,Java,5,4,15.0,2023-03-16 21:03:23+00:00,2024-04-29 03:19:40+00:00,409.0
ambari-website,MDX,4,14,38.0,2023-03-15 09:30:06+00:00,2025-05-13 00:46:15+00:00,789.0
paimon-website,TypeScript,17,21,106.0,2023-03-16 09:22:07+00:00,2025-11-10 06:26:25+00:00,969.0
logging-flume-twitter,Java,0,2,4.0,2023-03-18 18:03:46+00:00,2023-03-21 00:28:05+00:00,2.0
logging-flume-morphline,Java,0,0,1.0,2023-04-01 04:26:59+00:00,2023-04-01 04:26:59+00:00,0.0
logging-flume-jms,,0,0,0.0,,,
logging-flume-legacy,Java,0,0,3.0,2023-03-30 02:38:02+00:00,2024-04-30 18:30:31+00:00,397.0
logging-flume-kafka,Java,5,3,6.0,2023-03-20 01:50:14+00:00,2024-04-28 19:58:03+00:00,405.0
logging-flume-jdbc,Java,1,2,1.0,2023-03-21 00:24:25+00:00,2023-03-21 00:24:25+00:00,0.0
logging-flume-irc,,0,0,0.0,,,
logging-flume-http,,2,0,0.0,,,
iggy,Rust,3203,215,1317.0,2023-04-05 16:18:55+00:00,2025-11-21 14:53:52+00:00,960.0
paimon-shade,Shell,10,9,27.0,2023-03-21 02:09:04+00:00,2024-09-09 02:09:13+00:00,538.0
doris-shade,,2,18,35.0,2023-03-21 03:54:48+00:00,2025-06-13 09:14:51+00:00,815.0
eventmesh-workflow,Go,30,16,26.0,2023-03-28 09:19:21+00:00,2023-07-04 09:49:58+00:00,98.0
eventmesh-dashboard,Java,21,20,100.0,2023-03-28 09:22:24+00:00,2025-05-12 13:02:59+00:00,776.0
eventmesh-go,Go,12,12,43.0,2023-03-28 09:23:01+00:00,2023-06-27 11:47:19+00:00,91.0
eventmesh-catalog,Go,8,6,14.0,2023-03-28 12:35:06+00:00,2023-07-04 09:50:47+00:00,97.0
logging-flume-hadoop,Java,1,1,7.0,2023-04-07 04:53:11+00:00,2024-05-12 22:06:27+00:00,401.0
paimon-presto,Java,12,15,42.0,2023-03-31 05:24:23+00:00,2025-01-19 09:10:31+00:00,660.0
paimon-trino,Java,39,48,69.0,2023-03-31 05:25:17+00:00,2025-06-16 08:47:17+00:00,808.0
ranger-site,HTML,2,2,5.0,2023-03-31 07:35:50+00:00,2025-09-25 21:33:05+00:00,909.0
skywalking-go,Go,346,106,159.0,2023-04-11 03:44:04+00:00,2025-10-23 09:02:54+00:00,926.0
skywalking-grafana-plugins,TypeScript,30,6,79.0,2023-04-11 15:20:08+00:00,2024-12-16 02:52:35+00:00,614.0
kyuubi-shaded,Java,6,8,62.0,2023-04-23 04:32:21+00:00,2025-07-21 03:48:37+00:00,819.0
maven-blog,,2,0,4.0,2023-04-25 20:06:05+00:00,2023-04-27 06:35:35+00:00,1.0
gravitino,Java,2337,670,3218.0,2023-04-23 02:09:00+00:00,2025-11-22 09:11:17+00:00,944.0
skywalking-terraform,HCL,12,5,33.0,2023-04-25 12:41:23+00:00,2024-03-11 13:54:25+00:00,321.0
airflow-site-archive,,1,1,131.0,2023-04-26 10:03:35+00:00,2025-11-19 09:46:23+00:00,937.0
fory,Java,4068,340,1574.0,2023-04-28 04:59:26+00:00,2025-11-22 02:17:21+00:00,938.0
causeway-blog,,1,0,4.0,2023-05-01 15:42:32+00:00,2024-07-04 13:41:54+00:00,429.0
doris-sdk,Thrift,8,7,10.0,2023-05-04 15:04:15+00:00,2024-03-28 02:20:44+00:00,328.0
pekko-quickstart-scala.g8,Scala,12,1,121.0,2014-10-17 18:33:34+00:00,2025-09-08 15:20:15+00:00,3978.0
pekko-quickstart-java.g8,Java,4,0,129.0,2014-10-17 18:34:28+00:00,2025-09-08 15:32:23+00:00,3978.0
cassandra-analytics,Java,28,21,149.0,2023-05-19 21:57:47+00:00,2025-11-21 16:48:06+00:00,916.0
cloudberry-site,TypeScript,18,35,310.0,2023-05-12 04:05:17+00:00,2025-11-10 03:46:24+00:00,912.0
infrastructure-oauth,Python,6,13,19.0,2023-05-17 17:55:39+00:00,2025-10-08 16:30:51+00:00,874.0
cloudberry,C,1126,185,71703.0,1996-07-09 06:22:35+00:00,2025-06-12 11:59:03+00:00,10565.0
fory-site,TypeScript,22,26,531.0,2023-05-23 09:47:54+00:00,2025-11-15 15:12:55+00:00,907.0
iotdb-client-csharp,C#,20,4,307.0,2021-04-01 09:16:42+00:00,2025-08-26 13:37:16+00:00,1608.0
netbeans-mavenutils-archetypes,Groovy,1,4,16.0,2023-05-26 09:01:32+00:00,2023-07-25 10:53:48+00:00,60.0
kyuubi-service-rpc,Java,1,3,5.0,2023-05-29 04:06:42+00:00,2023-08-15 03:35:37+00:00,77.0
bifromq,Java,729,75,697.0,2023-05-29 07:27:31+00:00,2025-11-20 01:20:04+00:00,905.0
bifromq-sites,HTML,7,6,174.0,2023-06-19 06:23:09+00:00,2025-11-21 06:01:29+00:00,885.0
spark-connect-go,Go,240,47,117.0,2023-05-30 10:16:18+00:00,2025-08-26 12:24:59+00:00,819.0
infrastructure-blogs-archive,HTML,3,1,48.0,2023-05-31 15:13:38+00:00,2025-07-24 17:22:20+00:00,785.0
hadoop-api-shim,Java,7,3,9.0,2022-06-08 12:41:41+00:00,2024-02-19 18:46:26+00:00,621.0
geaflow,Java,742,152,329.0,2023-06-10 07:48:59+00:00,2025-11-20 03:16:09+00:00,893.0
ctakes-website,HTML,0,0,45.0,2023-06-07 15:48:24+00:00,2025-03-06 18:38:22+00:00,638.0
dubbo-go-contrib,Go,2,1,10.0,2023-06-08 09:48:18+00:00,2023-06-12 09:33:36+00:00,3.0
hbase-kustomize,Shell,3,2,8.0,2023-06-13 12:36:27+00:00,2024-01-02 07:51:38+00:00,202.0
causeway-app-referenceapp,Java,2,2,83.0,2023-06-19 11:00:00+00:00,2025-11-04 11:21:21+00:00,869.0
infrastructure-reporting-dashboard,Python,4,1,243.0,2023-06-22 18:36:18+00:00,2025-11-06 17:42:54+00:00,867.0
comdev-reporter,,4,1,2.0,2023-06-29 09:04:58+00:00,2025-08-08 07:17:21+00:00,770.0
doris-operator,Go,121,59,870.0,2023-07-05 03:25:30+00:00,2025-11-19 10:16:33+00:00,868.0
iotdb-docs,TypeScript,21,107,804.0,2023-07-10 02:56:31+00:00,2025-11-20 11:39:51+00:00,864.0
paimon-webui,Java,141,66,266.0,2023-07-06 08:04:51+00:00,2024-09-09 09:31:31+00:00,431.0
shenyu-wasm,Java,5,4,280.0,2019-11-25 20:14:01+00:00,2024-01-06 09:30:20+00:00,1502.0
uima-ducc,Java,1,0,4948.0,2013-01-02 18:47:50+00:00,2020-05-27 12:41:11+00:00,2701.0
iceberg-rust,Rust,1143,354,965.0,2023-07-21 06:24:44+00:00,2025-11-20 17:23:19+00:00,853.0
incubator-xtable,Java,1123,190,344.0,2023-07-21 19:07:10+00:00,2025-11-19 22:52:51+00:00,852.0
cloudberry-bootcamp,Shell,20,9,127.0,2023-07-13 07:21:15+00:00,2025-06-11 08:10:07+00:00,699.0
grails-github-actions,Groovy,2,2,247.0,2020-01-31 11:22:08+00:00,2025-10-20 10:19:08+00:00,2088.0
publicaffairs-website,,1,0,0.0,,,
infrastructure-test-cibuilds,,1,0,4.0,2023-07-27 13:47:20+00:00,2023-07-27 14:09:32+00:00,0.0
infrastructure-asfquart,Python,5,5,268.0,2023-08-24 11:39:54+00:00,2025-11-22 01:07:40+00:00,820.0
infrastructure-shorten,Python,0,0,6.0,2023-07-31 13:40:53+00:00,2025-08-19 19:16:55+00:00,750.0
amoro-site,SCSS,6,18,173.0,2023-07-24 03:45:38+00:00,2025-11-11 02:26:48+00:00,840.0
apachecon-eu,HTML,6,12,213.0,2023-08-02 08:32:54+00:00,2024-11-27 13:59:08+00:00,483.0
iceberg-python,Python,932,398,2274.0,2023-09-29 09:16:26+00:00,2025-11-21 14:45:06+00:00,784.0
infrastructure-paste,,0,0,1.0,2023-08-02 10:30:21+00:00,2023-08-02 10:30:21+00:00,0.0
iceberg-go,Go,357,126,380.0,2023-08-15 16:31:29+00:00,2025-11-18 20:56:48+00:00,826.0
skywalking-banyandb-helm,Shell,9,1,45.0,2023-08-11 08:06:49+00:00,2025-11-20 02:31:37+00:00,831.0
curator-site,TypeScript,0,2,32.0,2023-08-14 06:47:17+00:00,2025-07-23 20:02:53+00:00,709.0
bloodhound-site,HTML,2,1,4.0,2023-08-26 00:48:14+00:00,2023-08-26 04:52:34+00:00,0.0
sling-org-apache-sling-commons-metrics-prometheus,Java,0,0,24.0,2019-08-01 15:27:50+00:00,2025-08-06 12:20:02+00:00,2196.0
datasketches-python,Jupyter Notebook,37,8,168.0,2023-09-01 21:50:38+00:00,2025-02-19 01:59:03+00:00,536.0
logging-log4j-jmx-gui,Java,2,2,351.0,2013-08-26 12:26:28+00:00,2025-10-20 18:14:40+00:00,4438.0
accumulo-access,Java,6,15,81.0,2023-09-07 17:01:56+00:00,2025-11-18 12:23:58+00:00,802.0
ozhera,Java,108,41,499.0,2023-09-04 07:42:46+00:00,2025-11-19 02:56:22+00:00,806.0
shardingsphere-plugin,Java,35,23,75.0,2023-09-08 03:49:47+00:00,2025-02-24 07:29:40+00:00,535.0
zeppelin-site,JavaScript,9,12,361.0,2013-10-17 01:22:28+00:00,2025-11-11 16:23:46+00:00,4408.0
infra-transfer-test,,0,0,1.0,2023-09-19 15:12:55+00:00,2023-09-19 15:12:55+00:00,0.0
flink-connector-prometheus,Java,16,4,20.0,2023-09-25 08:31:43+00:00,2024-11-11 09:22:25+00:00,413.0
airavata-cookiecutter-django-app,Python,0,0,16.0,2021-05-27 15:51:28+00:00,2022-10-07 17:37:10+00:00,498.0
airavata-cookiecutter-django-output-view,Python,0,0,10.0,2021-05-28 19:11:21+00:00,2021-07-14 18:01:57+00:00,46.0
nutch-airflow-tools,,0,0,0.0,,,
beam-swift,Swift,1,3,31.0,2023-10-02 16:43:29+00:00,2025-08-14 00:05:07+00:00,681.0
netbeans-antora-ui,SCSS,4,5,331.0,2018-02-21 10:49:25+00:00,2025-11-20 09:12:49+00:00,2828.0
netbeans-antora-wiki,,3,32,122.0,2018-02-21 10:49:25+00:00,2025-10-16 13:59:04+00:00,2794.0
netbeans-antora-tutorials,Java,10,533,681.0,2019-01-06 10:32:15+00:00,2025-11-16 21:55:21+00:00,2506.0
netbeans-antora,JavaScript,6,7,150.0,2023-10-04 17:08:41+00:00,2025-11-17 09:39:13+00:00,774.0
netbeans-antora-site,HTML,12,1259,989.0,2018-02-21 10:49:25+00:00,2025-11-17 18:14:08+00:00,2826.0
incubator-hugegraph-ai,Python,103,62,202.0,2023-10-09 04:02:39+00:00,2025-11-15 12:10:02+00:00,768.0
incubator-resilientdb-cdn,JavaScript,0,0,8.0,2023-10-13 04:52:51+00:00,2025-06-28 11:57:35+00:00,624.0
sling-org-apache-sling-feature-analyser-classes,Java,1,0,7.0,2023-10-17 10:52:33+00:00,2025-08-06 12:20:02+00:00,659.0
turbine-parent-assembly-default,,0,0,13.0,2016-12-09 13:47:01+00:00,2021-09-27 13:12:02+00:00,1752.0
incubator-seata-ctl,Go,8,6,13.0,2023-10-25 07:41:52+00:00,2025-06-14 09:49:36+00:00,598.0
incubator-resilientdb-rust_sdk,Rust,2,1,51.0,2023-11-04 21:09:36+00:00,2025-07-17 08:38:46+00:00,620.0
couchdb-fast-pbkdf2,C,0,0,40.0,2021-02-10 19:13:20+00:00,2024-01-25 13:53:15+00:00,1078.0
cloudstack-csbench,Go,6,10,23.0,2023-07-21 08:02:22+00:00,2025-07-14 03:53:01+00:00,723.0
skywalking-graalvm-distro,Java,10,0,11.0,2023-11-09 02:51:48+00:00,2024-02-19 08:21:36+00:00,102.0
incubator-devlake-terraform,Go,5,3,41.0,2023-11-14 04:48:16+00:00,2025-05-29 18:40:00+00:00,562.0
logging-log4j-jakarta,Java,2,0,197.0,2012-02-06 23:55:13+00:00,2025-01-28 16:31:23+00:00,4739.0
cloudberry-backup,Go,9,11,1930.0,2017-05-12 18:18:14+00:00,2025-10-15 09:44:05+00:00,3077.0
datasketches-java-common,Java,0,0,4.0,2023-11-15 20:25:09+00:00,2023-11-18 02:11:13+00:00,2.0
cloudberry-go-libs,Go,2,3,126.0,2017-05-12 18:18:14+00:00,2025-09-08 03:41:18+00:00,3040.0
tsfile,Java,164,84,1386.0,2018-11-19 03:31:03+00:00,2025-11-20 02:01:00+00:00,2557.0
airavata-cerebrum,Jupyter Notebook,4,7,81.0,2023-11-28 13:24:52+00:00,2024-10-06 11:42:24+00:00,312.0
cloudberry-pxf,Java,4,9,1431.0,2015-09-19 00:33:01+00:00,2025-06-24 13:09:38+00:00,3566.0
pekko-http-quickstart-scala.g8,Scala,1,0,139.0,2017-04-25 19:43:24+00:00,2025-10-30 15:18:29+00:00,3109.0
pekko-http-quickstart-java.g8,Java,0,0,115.0,2017-04-25 19:43:48+00:00,2025-10-26 11:58:47+00:00,3105.0
incubator-resilientdb-ResCLI,Ruby,3,0,78.0,2023-12-03 11:31:47+00:00,2025-07-14 16:27:20+00:00,589.0
dubbo-integration-cases,Java,5,18,1585.0,2018-04-28 09:25:30+00:00,2025-11-13 08:02:39+00:00,2755.0
pekko-grpc-quickstart-scala.g8,Scala,2,2,110.0,2018-07-10 09:21:49+00:00,2025-11-18 16:53:20+00:00,2688.0
pekko-grpc-quickstart-java.g8,Java,1,1,88.0,2018-07-26 15:09:42+00:00,2025-11-18 16:53:09+00:00,2672.0
orc-format,,14,7,26.0,2023-12-05 17:10:05+00:00,2025-08-13 17:22:01+00:00,617.0
sling-org-apache-sling-providertype-bnd-plugin,Java,0,0,12.0,2023-12-05 16:11:45+00:00,2025-08-06 12:20:02+00:00,609.0
manifoldcf-site,HTML,2,2,23.0,2023-12-13 14:44:18+00:00,2024-12-20 19:06:16+00:00,373.0
gravitino-playground,Jupyter Notebook,62,46,72.0,2023-12-08 09:00:46+00:00,2025-09-29 11:47:38+00:00,661.0
datasketches-go,Go,17,8,304.0,2023-12-14 05:16:24+00:00,2025-11-19 13:46:22+00:00,706.0
manifoldcf-sdk,Shell,1,0,6.0,2023-12-21 22:00:01+00:00,2025-02-10 10:34:15+00:00,416.0
airflow-mssql-migration,Python,1,1,3.0,2023-12-29 20:18:57+00:00,2024-01-24 22:12:50+00:00,26.0
dubbo-research,,0,0,1.0,2024-01-10 13:49:05+00:00,2024-01-10 13:49:05+00:00,0.0
opennlp-models,Shell,10,2,72.0,2023-12-22 18:48:09+00:00,2025-11-21 11:49:07+00:00,699.0
activemq-artemis-examples,Java,36,30,76.0,2023-12-13 11:44:26+00:00,2025-11-03 14:09:48+00:00,691.0
storm-docker,Dockerfile,2,3,87.0,2016-04-09 16:02:39+00:00,2025-11-04 09:49:54+00:00,3495.0
jackrabbit-site,CSS,1,2,969.0,2011-12-08 14:22:17+00:00,2025-11-04 18:03:19+00:00,5080.0
datafusion-comet,Scala,1071,253,1342.0,2024-01-15 17:41:36+00:00,2025-11-22 02:32:54+00:00,676.0
tomcat-tck,Java,5,3,109.0,2024-01-15 14:23:03+00:00,2025-10-17 10:30:52+00:00,640.0
doris-streamloader,Go,30,19,29.0,2024-01-17 09:56:30+00:00,2025-02-26 14:21:34+00:00,406.0
daffodil-sbt,Scala,1,6,64.0,2024-01-22 14:35:10+00:00,2025-11-12 15:15:29+00:00,660.0
hive-dev-box,Shell,0,0,5.0,2024-01-23 06:10:56+00:00,2024-01-23 06:36:43+00:00,0.0
trafficserver-libswoc,C++,4,8,623.0,2018-09-13 23:30:35+00:00,2025-10-07 23:00:18+00:00,2580.0
streams-activitypub,Scala,1,0,7.0,2024-02-09 17:05:08+00:00,2024-02-26 16:19:01+00:00,16.0
tsfile-website,HTML,1,1,54.0,2024-01-28 09:00:42+00:00,2025-11-22 06:24:39+00:00,663.0
incubator-kie-website,TypeScript,1,8,68.0,2024-01-29 20:46:28+00:00,2025-10-13 13:13:54+00:00,622.0
infrastructure-asfyaml,Python,9,13,316.0,2024-02-05 09:54:26+00:00,2025-11-01 23:37:58+00:00,635.0
burr,Python,1848,99,828.0,2024-01-29 23:27:08+00:00,2025-11-10 04:53:32+00:00,650.0
struts-intellij-plugin,Java,1,2,97.0,2023-05-07 17:22:23+00:00,2025-08-16 07:21:37+00:00,831.0
sling-org-apache-sling-resource-observation-annotations,Java,1,0,8.0,2024-02-07 12:02:55+00:00,2025-08-06 12:20:02+00:00,546.0
incubator-gluten-site,Jupyter Notebook,3,8,96.0,2024-02-08 07:57:05+00:00,2025-11-21 21:28:09+00:00,652.0
infrastructure-ezmlm-idx,,0,0,1026.0,2003-11-12 20:48:13+00:00,2025-09-09 14:51:34+00:00,7971.0
comdev-working-groups,,41,25,101.0,2024-02-13 20:04:58+00:00,2024-10-27 14:12:35+00:00,256.0
hadoop-release-support,Java,1,3,38.0,2022-05-10 15:17:04+00:00,2025-11-07 13:49:57+00:00,1276.0
manifoldcf-integration-solr-8x,Java,0,0,8.0,2019-12-18 00:41:51+00:00,2019-12-18 07:32:26+00:00,0.0
incubator-resilientdb-explorer,Vue,3,0,36.0,2024-02-23 01:33:22+00:00,2024-09-30 04:25:23+00:00,220.0
incubator-devlake-playground,Python,6,3,31.0,2024-03-02 02:10:39+00:00,2025-07-23 14:45:39+00:00,508.0
doris-kafka-connector,Java,22,15,70.0,2024-03-03 09:39:08+00:00,2025-08-13 09:56:56+00:00,528.0
sling-org-apache-sling-commons-json,,0,1,147.0,2007-09-09 17:55:57+00:00,2025-08-06 12:20:02+00:00,6540.0
incubator-xtable-site,HTML,1,0,48.0,2024-03-08 22:06:14+00:00,2025-09-08 14:05:42+00:00,548.0
rocketmq-amqp,,1,0,0.0,,,
infrastructure-gha-workflow-scanner,Python,1,0,79.0,2024-03-15 19:42:39+00:00,2025-02-26 13:43:34+00:00,347.0
flink-connector-kudu,Java,5,8,62.0,2024-03-26 08:58:39+00:00,2025-04-12 05:36:11+00:00,381.0
plc4x-extras,Java,15,17,548.0,2024-04-04 19:35:16+00:00,2025-11-21 09:37:23+00:00,595.0
spark-kubernetes-operator,Java,233,46,407.0,2024-03-29 20:36:46+00:00,2025-11-20 03:16:56+00:00,600.0
incubator-graphar-website,MDX,0,5,51.0,2024-02-01 12:02:46+00:00,2025-11-13 07:15:42+00:00,650.0
stormcrawler-site,HTML,2,2,198.0,2015-11-26 17:51:32+00:00,2025-09-20 17:56:51+00:00,3586.0
iotdb-extras,Java,20,17,79.0,2024-04-15 08:23:55+00:00,2025-09-24 08:26:02+00:00,527.0
netbeans-samples,Java,3,1,1.0,2024-04-09 13:30:43+00:00,2024-04-09 13:30:43+00:00,0.0
amoro-shade,Shell,2,4,12.0,2024-04-09 06:48:03+00:00,2024-09-05 12:02:01+00:00,149.0
xerces-j,Java,5,11,5651.0,1999-11-09 01:10:52+00:00,2025-11-21 23:50:09+00:00,9509.0
infrastructure-ideas,,2,2,17.0,2024-06-18 16:55:03+00:00,2025-03-13 14:48:44+00:00,267.0
activemq-artemis-console,TypeScript,5,14,220.0,2024-04-23 06:27:10+00:00,2025-11-18 21:56:11+00:00,574.0
infrastructure-actions,Python,17,38,755.0,2024-05-16 19:14:51+00:00,2025-11-21 09:13:55+00:00,553.0
infrastructure-jira-issues-importer-2,,0,0,0.0,,,
voxpupuli-puppet-fail2ban,,1,0,399.0,2014-11-07 08:45:38+00:00,2024-05-06 15:06:02+00:00,3468.0
hudi-rs,Rust,262,53,204.0,2024-05-03 20:56:17+00:00,2025-11-03 18:08:14+00:00,548.0
datafusion-site,JavaScript,5,18,76.0,2024-05-16 00:25:26+00:00,2025-10-22 13:42:10+00:00,524.0
datafusion-benchmarks,Python,22,11,13.0,2024-05-14 13:12:52+00:00,2025-09-29 15:18:32+00:00,503.0
bigtop-manager,Java,105,43,257.0,2024-06-01 08:09:02+00:00,2025-11-20 05:48:34+00:00,536.0
datasketches-bigquery,JavaScript,16,6,344.0,2024-06-11 01:01:12+00:00,2025-06-09 18:57:22+00:00,363.0
ozone-helm-charts,Smarty,12,9,18.0,2024-06-20 09:06:59+00:00,2025-11-04 11:15:35+00:00,502.0
dubbo-spi-samples,Java,8,8,21.0,2024-05-17 02:45:23+00:00,2024-12-04 01:10:39+00:00,200.0
polaris,Java,1743,332,2153.0,2024-05-29 18:44:28+00:00,2025-11-21 23:01:53+00:00,541.0
cloudberry-gpbackup-s3-plugin,Go,4,6,111.0,2018-03-23 19:11:30+00:00,2025-10-09 13:30:11+00:00,2756.0
manifoldcf-integration-solr-9x,Java,1,0,11.0,2019-12-18 00:41:51+00:00,2022-09-04 06:01:58+00:00,991.0
nifi-python-extensions,Python,25,13,13.0,2024-06-26 04:28:36+00:00,2024-11-13 20:16:57+00:00,140.0
tika-grpc-docker,Dockerfile,1,0,1.0,2024-07-04 13:34:39+00:00,2024-07-04 13:34:39+00:00,0.0
incubator-resilientdb-ResContract,JavaScript,2,2,42.0,2024-06-27 03:01:28+00:00,2025-08-28 22:59:52+00:00,427.0
dubbo-ai,Java,7,5,39.0,2024-06-27 03:22:45+00:00,2024-09-09 01:01:30+00:00,73.0
camel-upgrade-recipes,Java,5,11,127.0,2024-07-09 07:55:05+00:00,2025-11-20 15:03:23+00:00,499.0
gravitino-site,HTML,3,16,140.0,2024-07-05 02:07:30+00:00,2025-11-20 02:26:11+00:00,503.0
openserverless,Shell,564,19,58.0,2024-06-29 07:32:07+00:00,2025-11-10 18:57:29+00:00,499.0
openserverless-site,CSS,10,15,102.0,2024-06-29 07:39:40+00:00,2025-08-01 14:51:57+00:00,398.0
openserverless-task,JavaScript,8,13,1166.0,2023-02-26 15:59:39+00:00,2025-11-09 18:05:23+00:00,987.0
openserverless-cli,Go,16,12,217.0,2024-07-07 10:24:33+00:00,2025-04-06 21:56:06+00:00,273.0
openserverless-runtimes,Go,6,8,408.0,2018-03-08 14:40:11+00:00,2025-06-12 06:40:18+00:00,2652.0
openserverless-operator,Python,9,6,177.0,2024-07-09 17:19:33+00:00,2025-10-01 16:25:27+00:00,448.0
openserverless-testing,Shell,1,4,54.0,2024-07-26 16:07:35+00:00,2025-11-10 15:18:30+00:00,471.0
openserverless-python-starter,,1,0,0.0,,,
openserverless-documentation,,1,0,0.0,,,
openserverless-php-starter,,1,0,0.0,,,
kafka-merge-queue-sandbox,Java,0,1,74.0,2024-07-02 17:03:28+00:00,2025-03-25 20:44:06+00:00,266.0
openserverless-nodejs-starter,,1,0,0.0,,,
paimon-rust,Rust,132,41,42.0,2024-07-05 05:22:28+00:00,2025-04-22 15:31:13+00:00,291.0
maven-build-helper-plugin,,0,0,1.0,2024-07-18 15:14:25+00:00,2024-07-18 15:14:25+00:00,0.0
maven-xinclude-extension,Java,4,1,36.0,2024-07-08 19:53:39+00:00,2025-10-03 11:13:26+00:00,451.0
opendal-go-services,Go,14,2,52.0,2024-07-13 07:46:40+00:00,2025-09-11 15:27:54+00:00,425.0
openserverless-mvdansh-fork,,1,0,0.0,,,
openserverless-taskfile-fork,,1,0,0.0,,,
parquet-benchmark,,0,2,3.0,2024-08-19 18:58:26+00:00,2024-09-18 15:20:15+00:00,29.0
hertzbeat-helm-chart,Smarty,7,3,47.0,2023-09-04 08:25:33+00:00,2025-11-17 00:37:22+00:00,804.0
paimon-python,Python,16,9,45.0,2024-08-14 05:44:18+00:00,2025-07-28 02:05:08+00:00,347.0
incubator-resilientdb-ResDB-ORM,Python,2,0,37.0,2024-08-09 02:09:19+00:00,2025-11-11 20:43:47+00:00,459.0
pulsar-java-contrib,Java,16,7,16.0,2024-08-20 12:48:00+00:00,2025-11-12 11:17:35+00:00,448.0
arrow-go,Assembly,279,78,969.0,2024-08-29 03:08:02+00:00,2025-11-18 20:52:49+00:00,446.0
infrastructure-github-merge-queue-notifier,Python,0,0,7.0,2024-08-29 16:58:11+00:00,2025-09-18 00:08:15+00:00,384.0
logging-log4j-flume,Java,0,0,394.0,2012-02-06 23:55:13+00:00,2024-08-06 10:28:13+00:00,4564.0
ozhera-site,Vue,0,6,36.0,2024-09-13 03:21:52+00:00,2025-03-31 09:18:37+00:00,199.0
echarts-custom-series,JavaScript,36,5,70.0,2024-09-02 08:05:13+00:00,2025-08-18 08:37:38+00:00,350.0
incubator-resilientdb-smart-contracts-graphql,JavaScript,1,2,41.0,2024-09-06 03:38:40+00:00,2025-07-17 09:04:33+00:00,314.0
cloudberry-devops-release,Shell,2,5,47.0,2024-08-16 17:30:55+00:00,2025-09-12 14:34:16+00:00,391.0
nifi-api,Java,5,16,42.0,2024-09-16 18:24:36+00:00,2025-11-09 02:16:49+00:00,418.0
maven-hocon-extension,Java,31,2,36.0,2024-09-12 15:00:21+00:00,2025-07-16 19:23:09+00:00,307.0
datafusion-ray,Python,222,26,46.0,2024-09-19 20:59:38+00:00,2025-10-05 16:14:43+00:00,380.0
avro-rs,Rust,88,42,975.0,2021-05-24 15:20:31+00:00,2025-11-13 07:37:39+00:00,1633.0
openserverless-vscode,,2,1,1.0,2024-10-05 20:01:48+00:00,2024-10-05 20:01:48+00:00,0.0
shenyu-client-rust,Rust,13,4,29.0,2024-10-01 07:09:20+00:00,2025-06-12 04:28:43+00:00,253.0
incubator-resilientdb-resvault-sdk,TypeScript,2,0,15.0,2024-10-03 07:24:51+00:00,2025-07-17 08:31:34+00:00,287.0
fesod,Java,5341,445,267.0,2024-10-05 11:42:50+00:00,2025-11-21 00:43:05+00:00,411.0
openoffice-translation,,2,0,257.0,2019-01-01 08:56:19+00:00,2019-11-26 06:17:08+00:00,328.0
comdev-people,JavaScript,4,4,336.0,2015-12-03 14:19:41+00:00,2025-09-11 14:44:01+00:00,3570.0
incubator-resilientdb-create-resilient-app,Vue,2,0,20.0,2024-10-17 06:38:26+00:00,2025-07-16 19:32:07+00:00,272.0
pulsar-sql,Java,4,2,416.0,2018-08-06 17:29:26+00:00,2024-10-18 05:16:28+00:00,2264.0
incubator-resilientdb-resilient-node-cache,TypeScript,2,0,13.0,2024-10-31 04:03:04+00:00,2025-07-17 04:40:44+00:00,259.0
doris-jeager,,0,0,0.0,,,
sling-tooling-github,,0,0,1.0,2024-11-25 18:02:06+00:00,2024-11-25 18:02:06+00:00,0.0
fluss,Java,1604,429,883.0,2024-11-25 13:59:32+00:00,2025-11-20 06:52:27+00:00,359.0
logging-slf4j,Java,0,0,435.0,2024-11-06 10:42:40+00:00,2024-12-23 08:51:34+00:00,46.0
logging-jdk,Java,1,2,153.0,2024-11-06 10:12:46+00:00,2024-11-06 12:19:53+00:00,0.0
incubator-resilientdb-resilient-python-cache,Python,2,1,20.0,2024-11-08 11:36:53+00:00,2025-07-17 05:36:21+00:00,250.0
incubator-resilientdb-ResLens,TypeScript,2,1,151.0,2024-11-12 06:49:35+00:00,2025-07-16 12:59:57+00:00,246.0
camel-jbang-examples,Groovy,10,6,54.0,2024-11-15 15:46:01+00:00,2025-11-12 11:12:01+00:00,361.0
incubator-resilientdb-ResLens-Middleware,JavaScript,0,1,50.0,2024-11-29 22:39:28+00:00,2025-07-18 05:49:07+00:00,230.0
infrastructure-gha-allowlist-manager,Python,1,0,64.0,2024-11-21 20:29:50+00:00,2025-04-01 13:01:58+00:00,130.0
iceberg-cpp,C++,158,68,238.0,2024-11-22 14:29:19+00:00,2025-11-21 08:27:18+00:00,363.0
arrow-java,Java,69,96,1756.0,2024-11-25 02:43:25+00:00,2025-11-17 00:12:50+00:00,356.0
otava-website,TypeScript,0,0,21.0,2025-02-18 06:25:32+00:00,2025-07-20 02:14:37+00:00,151.0
openserverless-streamer,Go,0,3,42.0,2024-12-07 15:47:11+00:00,2025-11-08 06:33:16+00:00,335.0
incubator-resilientdb-resilient-contract-kit,TypeScript,0,0,12.0,2024-12-05 02:22:27+00:00,2025-07-17 04:04:08+00:00,224.0
tooling-docs,HTML,5,4,233.0,2024-12-11 15:00:01+00:00,2025-11-21 18:22:16+00:00,345.0
auron-sites,TypeScript,2,3,34.0,2024-12-03 03:21:21+00:00,2025-09-11 09:27:28+00:00,282.0
sling-org-apache-sling-auth-oauth-client,Java,0,3,176.0,2022-05-16 14:50:01+00:00,2025-11-21 14:52:07+00:00,1285.0
grails-profiles,,0,3,2762.0,2014-09-18 16:41:35+00:00,2025-05-02 16:04:55+00:00,3878.0
airflow-publish,Python,0,1,18.0,2024-12-12 23:40:27+00:00,2025-05-16 21:41:16+00:00,154.0
skywalking-ruby,Ruby,5,2,8.0,2024-12-21 13:01:41+00:00,2025-07-20 02:53:11+00:00,210.0
datafusion-testing,,1,6,15.0,2024-12-26 16:38:32+00:00,2025-10-16 10:34:13+00:00,293.0
datasketches-spark,Scala,4,3,101.0,2024-12-20 20:45:05+00:00,2025-04-02 16:27:26+00:00,102.0
tomee-quartz-shade,,1,0,36.0,2013-12-08 23:14:09+00:00,2025-10-27 19:14:52+00:00,4340.0
cloudstack-installer,Shell,9,7,38.0,2024-05-13 10:36:19+00:00,2025-08-07 11:53:54+00:00,451.0
logging-admin,Java,0,0,11.0,2024-11-02 08:22:37+00:00,2024-12-30 16:10:42+00:00,58.0
lucenenet-codeanalysis-dev,C#,2,5,26.0,2023-11-15 17:14:14+00:00,2025-10-18 21:07:41+00:00,703.0
synapse-go,Go,6,4,40.0,2025-01-02 03:26:25+00:00,2025-10-06 14:42:22+00:00,277.0
geronimo-mail,Java,1,4,268.0,2006-06-14 10:18:51+00:00,2025-11-16 08:03:44+00:00,7094.0
beam-starter-python-provider,Python,0,1,9.0,2025-01-16 21:18:25+00:00,2025-06-27 22:28:56+00:00,162.0
attic-docker,Lua,0,0,29.0,2025-01-12 14:30:01+00:00,2025-10-09 16:59:18+00:00,270.0
grails-data-hibernate6,,3,2,2438.0,2016-06-10 19:03:23+00:00,2025-05-21 21:30:03+00:00,3267.0
beam-starter-java-provider,Java,0,2,35.0,2024-03-20 22:53:42+00:00,2025-11-03 02:27:57+00:00,592.0
shenyu-client-java,Java,3,1,10.0,2025-02-10 07:22:00+00:00,2025-06-05 03:12:23+00:00,114.0
echarts-from-mermaid,TypeScript,17,2,14.0,2025-01-24 09:34:22+00:00,2025-03-20 09:17:42+00:00,54.0
infrastructure-voter-gateway,Python,0,0,14.0,2025-01-24 18:03:04+00:00,2025-01-27 10:10:19+00:00,2.0
iggy-website,CSS,1,5,75.0,2025-02-09 15:49:56+00:00,2025-11-20 11:03:29+00:00,283.0
infrastructure-jira-issues-import-test-curator,,0,0,0.0,,,
tooling-trusted-releases,Python,17,9,1581.0,2025-02-11 18:15:54+00:00,2025-11-20 23:40:00+00:00,282.0
daffodil-infrastructure,JavaScript,1,3,19.0,2025-02-24 16:05:41+00:00,2025-11-04 17:23:29+00:00,253.0
incubator-resilientdb-ansible,Jinja,1,1,17.0,2025-02-14 21:51:33+00:00,2025-09-26 18:14:55+00:00,223.0
infrastructure-abc,JavaScript,0,0,27.0,2025-02-13 09:00:20+00:00,2025-07-03 16:57:22+00:00,140.0
superset-kubernetes-operator,,0,0,0.0,,,
polaris-tools,Java,10,18,51.0,2025-03-27 09:15:13+00:00,2025-11-22 10:14:03+00:00,240.0
spark-connect-swift,Swift,27,7,253.0,2025-03-10 23:27:17+00:00,2025-11-20 03:15:58+00:00,254.0
uniffle-rust,,0,0,0.0,,,
openoffice-devtools,Java,2,1,655.0,2012-11-26 03:32:20+00:00,2025-11-01 21:04:12+00:00,4723.0
arrow-rs-object-store,Rust,164,102,497.0,2022-07-22 18:30:34+00:00,2025-11-22 04:20:36+00:00,1218.0
arrow-dotnet,C#,17,9,450.0,2025-03-31 02:55:47+00:00,2025-11-21 15:16:04+00:00,235.0
openserverless-tutorial,JavaScript,1,0,6.0,2025-03-17 06:25:20+00:00,2025-03-22 22:14:07+00:00,5.0
infrastructure-catalog-service,Python,0,0,6.0,2025-04-02 18:21:16+00:00,2025-04-04 16:05:07+00:00,1.0
incubator-resilientdb-orbit,Svelte,0,0,14.0,2025-04-12 00:15:05+00:00,2025-07-16 19:48:55+00:00,95.0
iotdb-mcp-server,Python,28,17,9.0,2025-04-02 07:54:50+00:00,2025-07-16 06:58:03+00:00,104.0
attic,Ruby,2,123,798.0,2009-01-01 10:50:36+00:00,2025-11-21 15:15:09+00:00,6168.0
doris-mcp-server,Python,221,61,62.0,2025-05-06 03:24:33+00:00,2025-11-04 06:45:38+00:00,182.0
ambari-deploy,Python,2,2,3.0,2025-04-21 05:28:09+00:00,2025-07-01 07:06:48+00:00,71.0
skywalking-mcp,Go,13,5,17.0,2025-05-11 14:19:00+00:00,2025-09-09 14:36:16+00:00,121.0
hamilton-101,,0,0,0.0,,,
openserverless-build,Dockerfile,0,1,53.0,2025-05-18 14:32:46+00:00,2025-06-07 20:10:05+00:00,20.0
arrow-js,TypeScript,70,16,558.0,2025-05-14 07:36:11+00:00,2025-11-19 08:13:50+00:00,189.0
openserverless-admin,,0,0,0.0,,,
doris-opentelemetry-demo,TypeScript,6,4,1134.0,2022-04-26 19:53:45+00:00,2025-11-10 02:17:16+00:00,1293.0
infrastructure-esp,Python,0,0,41.0,2025-05-20 15:59:13+00:00,2025-06-04 14:37:01+00:00,14.0
spark-connect-rust,Rust,25,7,98.0,2023-09-18 13:32:20+00:00,2025-10-03 07:22:31+00:00,745.0
flink-agents,Java,265,72,212.0,2025-06-08 14:44:01+00:00,2025-11-21 01:54:06+00:00,165.0
sedona-testing,Python,5,3,11.0,2025-06-04 00:34:47+00:00,2025-10-08 04:38:50+00:00,126.0
dubbo-helm-charts,,0,1,5.0,2025-06-15 10:30:38+00:00,2025-06-17 00:05:57+00:00,1.0
arrow-swift,Swift,13,8,98.0,2025-05-23 07:50:49+00:00,2025-11-21 09:39:32+00:00,182.0
airavata-portals,Python,3,7,10993.0,2011-07-09 19:21:43+00:00,2025-11-18 21:05:11+00:00,5246.0
iggy-setup,TypeScript,0,1,2.0,2025-08-07 12:56:00+00:00,2025-08-08 16:59:38+00:00,1.0
ranger-tools,Dockerfile,0,1,5.0,2025-06-18 17:59:43+00:00,2025-10-23 18:12:13+00:00,127.0
netbeans-vscode,TypeScript,4,8,739.0,2019-09-06 08:05:43+00:00,2025-10-09 07:18:12+00:00,2224.0
arrow-skyhook,C++,0,1,19.0,2025-06-16 07:17:42+00:00,2025-04-04 02:24:06+00:00,-74.0
grails-gradle-publish,Groovy,2,0,63.0,2025-07-06 19:01:09+00:00,2025-10-14 12:31:39+00:00,99.0
fluss-shaded,Java,2,1,4.0,2025-08-03 10:46:41+00:00,2025-08-07 09:14:13+00:00,3.0
flink-connector-http,Java,4,1,134.0,2025-07-08 06:04:07+00:00,2025-11-12 18:08:49+00:00,127.0
fluss-website,,1,2,3.0,2025-07-01 15:51:00+00:00,2025-07-11 13:46:00+00:00,9.0
tooling-releases-client,Python,1,1,84.0,2025-07-08 17:40:47+00:00,2025-11-03 16:43:35+00:00,117.0
fluss-benchmarks,,12,0,3.0,2025-08-04 02:59:42+00:00,2025-08-05 03:17:47+00:00,1.0
echarts-mcp,JavaScript,50,3,2.0,2025-07-21 10:50:23+00:00,2025-07-21 10:55:34+00:00,0.0
couchdb-cowlib,Erlang,0,0,58.0,2013-08-21 18:40:02+00:00,2015-11-16 16:14:14+00:00,816.0
couchdb-gun,Erlang,0,0,250.0,2013-08-22 08:39:50+00:00,2020-08-25 09:23:11+00:00,2560.0
openserverless-admin-api,Python,1,2,32.0,2025-07-26 20:31:56+00:00,2025-09-28 07:21:38+00:00,63.0
tooling-asf-example,Python,0,1,42.0,2025-08-12 18:31:19+00:00,2025-11-20 10:58:14+00:00,99.0
geaflow-website,TypeScript,2,4,15.0,2025-08-11 13:00:16+00:00,2025-11-19 09:35:18+00:00,99.0
seatunnel-tools,Java,14,3,3.0,2025-08-14 07:55:28+00:00,2025-08-25 06:47:58+00:00,10.0
apache-boxer-test,,1,0,0.0,,,
openserverless-vscode-extension,TypeScript,0,0,31.0,2024-03-02 10:25:08+00:00,2024-09-10 09:37:18+00:00,191.0
hertzbeat-collector-go,Go,20,10,37.0,2025-08-31 05:08:07+00:00,2025-11-11 12:05:37+00:00,72.0
sedona-spatialbench,Rust,27,9,88.0,2025-08-29 08:04:52+00:00,2025-11-15 06:20:02+00:00,77.0
sedona-db,Rust,331,30,390.0,2025-01-14 02:57:57+00:00,2025-11-22 04:38:10+00:00,312.0
tooling-actions,Makefile,0,2,31.0,2025-08-22 13:23:12+00:00,2025-11-20 10:52:46+00:00,89.0
fluss-rust,Rust,16,9,16.0,2025-08-25 09:31:09+00:00,2025-10-21 07:04:50+00:00,56.0
tvm-ffi,C++,190,37,328.0,2025-05-06 23:18:33+00:00,2025-11-22 01:01:22+00:00,199.0
lucenenet-extensions,,0,0,0.0,,,
datafusion-sandbox,Rust,1,0,11798.0,2016-02-05 20:08:35+00:00,2025-11-12 18:14:46+00:00,3567.0
grails-website,,1,3,25379.0,2005-07-02 21:51:31+00:00,2025-11-22 10:14:16+00:00,7447.0
cloudstack-extensions,,2,0,2.0,2025-09-23 09:21:43+00:00,2025-09-23 09:22:20+00:00,0.0
grails-gradle-codestyle,,0,0,0.0,,,
solr-mcp,Java,3,3,108.0,2025-07-06 02:01:26+00:00,2025-11-16 17:47:13+00:00,133.0
incubator-texera-site,CSS,1,1,59.0,2025-10-18 06:15:19+00:00,2025-11-20 00:08:20+00:00,32.0
opendal-ofs,Rust,22,2,138.0,2022-02-14 05:19:15+00:00,2025-11-20 03:37:30+00:00,1374.0
opendal-oli,Rust,7,2,162.0,2022-02-14 05:19:15+00:00,2025-11-20 03:58:35+00:00,1374.0
openserverless-devcontainer,Python,0,2,3.0,2025-11-09 02:45:12+00:00,2025-11-09 16:41:29+00:00,0.0
phoenix-adapters,Java,1,2,194.0,2025-11-03 23:38:42+00:00,2025-11-20 15:52:28+00:00,16.0
rocketmq-a2a,,0,0,2.0,2025-11-21 07:57:16+00:00,2025-11-21 08:08:39+00:00,0.0
infrastructure-staged,Python,0,1,14.0,2025-11-07 17:33:56+00:00,2025-11-17 23:10:38+00:00,10.0
